[38;5;112m[Appium][0m Welcome to Appium v3.6.0
[38;5;112m[Appium][0m Non-default server args:
[38;5;112m[Appium][0m { basePath: [32m'/wd/hub'[39m, loglevel: [32m'info'[39m, port: [33m64592[39m }
[38;5;112m[Appium][0m Attempting to load driver uiautomator2...
[38;5;112m[Appium][0m Appium REST http interface listener started on http://0.0.0.0:64592/wd/hub
[38;5;112m[Appium][0m You can provide the following URLs in your client code to connect to this server:
	http://192.168.10.8:64592/wd/hub
	http://127.0.0.1:64592/wd/hub (only accessible from the same host)
[38;5;112m[Appium][0m Available drivers:
[38;5;112m[Appium][0m   - uiautomator2@8.4.0 (automationName 'UiAutomator2')
[38;5;112m[Appium][0m No plugins have been installed. Use the "appium plugin" command to install the one(s) you want to use.
[38;5;86m[HTTP][0m --> GET /wd/hub/status 
[38;5;86m[HTTP][0m <-- GET /wd/hub/status 200 52 ms - 110
[38;5;86m[HTTP][0m --> GET /wd/hub/status 
[38;5;86m[HTTP][0m <-- GET /wd/hub/status 200 2 ms - 110
[38;5;86m[HTTP][0m --> GET /wd/hub/status 
[38;5;86m[HTTP][0m <-- GET /wd/hub/status 200 2 ms - 110
[38;5;86m[HTTP][0m --> POST /wd/hub/session {"capabilities":{"firstMatch":[{"appium:app":"C:\\Users\\Rameez\\Downloads\\fluttersamples.apk","appium:autoGrantPermissions":true,"appium:automationName":"uiautomator2","appium:deviceName":"Infinix X680B","appium:fullReset":true,"appium:mjpegServerPort":7110,"appium:newCommandTimeout":1800,"appium:noReset":false,"appium:platformName":"ANDROID","appium:platformVersion":"10","appium:systemPort":64626,"appium:udid":"0559337072012027","platformName":"ANDROID"}]},"desiredCapabilities":{"appium:app":"C:\\Users\\Rameez\\Downloads\\fluttersamples.apk","appium:autoGrantPermissions":true,"appium:automationName":"uiautomator2","appium:deviceName":"Infinix X680B","appium:fullReset":true,"appium:mjpegServerPort":7110,"appium:newCommandTimeout":1800,"appium:noReset":false,"appium:platformName":"ANDROID","appium:platformVersion":"10","appium:systemPort":64626,"appium:udid":"0559337072012027"}}
[38;5;123m[BaseDriver][0m The following arguments are not known and will be ignored: desiredCapabilities
[38;5;123m[BaseDriver][0m Ignoring capability 'appium:platformName=ANDROID' and using capability 'platformName=ANDROID'
[38;5;123m[BaseDriver][0m The capabilities ["platformName"] are standard capabilities and do not require "appium:" prefix
[38;5;112m[Appium][0m Attempting to find matching driver for automationName 'uiautomator2' and platformName 'ANDROID'
[38;5;112m[Appium][0m The 'uiautomator2' driver was installed and matched caps.
[38;5;112m[Appium][0m Will require it at C:\Users\Rameez\.appium\node_modules\appium-uiautomator2-driver
[38;5;201m[AppiumDriver@9e05][0m Appium v3.6.0 creating new AndroidUiautomator2Driver (v8.4.0) session
[38;5;201m[AppiumDriver@9e05][0m Checking BaseDriver versions for Appium and AndroidUiautomator2Driver
[38;5;201m[AppiumDriver@9e05][0m Appium's BaseDriver version is 10.7.2
[38;5;201m[AppiumDriver@9e05][0m AndroidUiautomator2Driver's BaseDriver version is 10.7.2
[38;5;138m[6574240b][0m[38;5;-38m[AndroidUiautomator2Driver@f1f0][0m Session created with session id: 6574240b-463d-468a-80e8-2f8696575104
[38;5;138m[6574240b][0m[38;5;229m[ADB][0m Found 4 'build-tools' folders under 'C:\Users\Rameez\AppData\Local\Android\Sdk' (newest first):
[38;5;138m[6574240b][0m[38;5;229m[ADB][0m     C:\Users\Rameez\AppData\Local\Android\Sdk\build-tools\35.0.1
[38;5;138m[6574240b][0m[38;5;229m[ADB][0m     C:\Users\Rameez\AppData\Local\Android\Sdk\build-tools\35.0.0
[38;5;138m[6574240b][0m[38;5;229m[ADB][0m     C:\Users\Rameez\AppData\Local\Android\Sdk\build-tools\34.0.0
[38;5;138m[6574240b][0m[38;5;229m[ADB][0m     C:\Users\Rameez\AppData\Local\Android\Sdk\build-tools\33.0.1
[38;5;138m[6574240b][0m[38;5;229m[ADB][0m Using 'adb.exe' from 'C:\Users\Rameez\AppData\Local\Android\Sdk\platform-tools\adb.exe'
[38;5;138m[6574240b][0m[38;5;-38m[AndroidUiautomator2Driver@f1f0][0m Retrieving device list
[38;5;138m[6574240b][0m[38;5;-38m[AndroidUiautomator2Driver@f1f0][0m Using device: 0559337072012027
[38;5;138m[6574240b][0m[38;5;123m[BaseDriver][0m Subscribing f1f01edd-c9fb-442e-b723-0193da53d994 to topic 'uiautomator2:sessionUdidClaimed'
[38;5;138m[6574240b][0m[38;5;123m[BaseDriver][0m Subscribing f1f01edd-c9fb-442e-b723-0193da53d994 to topic 'uiautomator2:sessionUdidContended'
[38;5;138m[6574240b][0m[38;5;123m[BaseDriver][0m Subscribing f1f01edd-c9fb-442e-b723-0193da53d994 to topic 'uiautomator2:sessionUdidReleased'
[38;5;138m[6574240b][0m[38;5;123m[BaseDriver][0m Unsubscribing f1f01edd-c9fb-442e-b723-0193da53d994 from topic 'uiautomator2:sessionUdidContended'
[38;5;138m[6574240b][0m[38;5;123m[BaseDriver][0m Unsubscribing f1f01edd-c9fb-442e-b723-0193da53d994 from topic 'uiautomator2:sessionUdidReleased'
[38;5;138m[6574240b][0m[38;5;229m[ADB][0m Using 'adb.exe' from 'C:\Users\Rameez\AppData\Local\Android\Sdk\platform-tools\adb.exe'
[38;5;138m[6574240b][0m[38;5;123m[BaseDriver][0m Using local app 'C:\Users\Rameez\Downloads\fluttersamples.apk'
[38;5;138m[6574240b][0m[38;5;229m[ADB][0m Getting device platform version
[38;5;138m[6574240b][0m[38;5;-38m[AndroidUiautomator2Driver@f1f0][0m Relaxing hidden api policy
[38;5;138m[6574240b][0m[38;5;229m[ADB][0m Using 'aapt2.exe' from 'C:\Users\Rameez\AppData\Local\Android\Sdk\build-tools\35.0.1\aapt2.exe'
[38;5;138m[6574240b][0m[38;5;229m[ADB][0m Package name: 'cm.aptoide.pt'
[38;5;138m[6574240b][0m[38;5;229m[ADB][0m Main activity name: 'cm.aptoide.pt.view.MainActivity'
[38;5;138m[6574240b][0m[38;5;229m[ADB][0m Using 'apksigner.jar' from 'C:\Users\Rameez\AppData\Local\Android\Sdk\build-tools\35.0.1\lib\apksigner.jar'
[38;5;138m[6574240b][0m[38;5;-38m[AndroidUiautomator2Driver@f1f0][0m Server packages are not going to be (re)installed
[38;5;138m[6574240b][0m[38;5;229m[ADB][0m Adding packages ["io.appium.settings","io.appium.uiautomator2.server","io.appium.uiautomator2.server.test"] to Doze whitelist
[38;5;138m[6574240b][0m[38;5;229m[ADB][0m 'C:\Users\Rameez\Downloads\fluttersamples.apk' is signed with a non-default certificate
[38;5;138m[6574240b][0m[38;5;229m[ADB][0m cm.aptoide.pt was not uninstalled, because it was not present on the device
[38;5;138m[6574240b][0m[38;5;229m[ADB][0m The installation of 'fluttersamples.apk' took 10790ms
[38;5;138m[6574240b][0m[38;5;-38m[AndroidUiautomator2Driver@f1f0][0m Starting UIAutomator2 server 10.6.0
[38;5;138m[6574240b][0m[38;5;-38m[AndroidUiautomator2Driver@f1f0][0m Using UIAutomator2 server from 'C:\Users\Rameez\.appium\node_modules\appium-uiautomator2-driver\node_modules\appium-uiautomator2-server\apks\appium-uiautomator2-server-v10.6.0.apk' and test from 'C:\Users\Rameez\.appium\node_modules\appium-uiautomator2-driver\node_modules\appium-uiautomator2-server\apks\appium-uiautomator2-server-debug-androidTest.apk'
[38;5;138m[6574240b][0m[38;5;-38m[AndroidUiautomator2Driver@f1f0][0m Waiting up to 30000ms for UiAutomator2 to be online...
[38;5;138m[6574240b][0m[38;5;-38m[AndroidUiautomator2Driver@f1f0][0m socket hang up
[38;5;138m[6574240b][0m[38;5;-38m[AndroidUiautomator2Driver@f1f0][0m socket hang up
[38;5;138m[6574240b][0m[38;5;-38m[AndroidUiautomator2Driver@f1f0][0m socket hang up
[38;5;138m[6574240b][0m[38;5;-38m[AndroidUiautomator2Driver@f1f0][0m socket hang up
[38;5;138m[6574240b][0m[38;5;-38m[AndroidUiautomator2Driver@f1f0][0m socket hang up
[38;5;138m[6574240b][0m[38;5;-38m[AndroidUiautomator2Driver@f1f0][0m socket hang up
[38;5;138m[6574240b][0m[38;5;-38m[AndroidUiautomator2Driver@f1f0][0m Determined the downstream protocol as 'W3C'
[38;5;138m[6574240b][0m[38;5;-38m[AndroidUiautomator2Driver@f1f0][0m Screen already unlocked, doing nothing
[38;5;138m[6574240b][0m[38;5;-38m[AndroidUiautomator2Driver@f1f0][0m Starting 'cm.aptoide.pt/cm.aptoide.pt.view.MainActivityand waiting for 'cm.aptoide.pt/cm.aptoide.pt.view.MainActivity'
[38;5;138m[6574240b][0m[38;5;123m[BaseDriver][0m Unsubscribing f1f01edd-c9fb-442e-b723-0193da53d994 from topic 'uiautomator2:sessionUdidClaimed'
[38;5;138m[6574240b][0m[38;5;123m[BaseDriver][0m Subscribing f1f01edd-c9fb-442e-b723-0193da53d994 to topic 'uiautomator2:sessionUdidClaimed'
[38;5;138m[6574240b][0m[38;5;201m[AppiumDriver@9e05][0m New AndroidUiautomator2Driver session created successfully, session 6574240b-463d-468a-80e8-2f8696575104 added to master session list
[38;5;86m[HTTP][0m <-- POST /wd/hub/session 200 29003 ms - 1294
[38;5;86m[HTTP][0m --> GET /status 
[38;5;86m[HTTP][0m <-- GET /status 404 34 ms - 3117
[38;5;138m[6574240b][0m[38;5;86m[HTTP][0m --> POST /wd/hub/session/6574240b-463d-468a-80e8-2f8696575104/timeouts {"implicit":60000}
[38;5;138m[6574240b][0m[38;5;86m[HTTP][0m <-- POST /wd/hub/session/6574240b-463d-468a-80e8-2f8696575104/timeouts 200 14 ms - 14
[38;5;138m[6574240b][0m[38;5;86m[HTTP][0m --> POST /wd/hub/session/6574240b-463d-468a-80e8-2f8696575104/execute/sync {"script":"mobile: getSystemBars","args":[]}
[38;5;138m[6574240b][0m[38;5;86m[HTTP][0m <-- POST /wd/hub/session/6574240b-463d-468a-80e8-2f8696575104/execute/sync 200 309 ms - 148
[38;5;86m[HTTP][0m --> GET /wd/hub/status 
[38;5;86m[HTTP][0m <-- GET /wd/hub/status 200 2 ms - 110
[38;5;138m[6574240b][0m[38;5;86m[HTTP][0m --> GET /wd/hub/session/6574240b-463d-468a-80e8-2f8696575104/screenshot 
[38;5;138m[6574240b][0m[38;5;86m[HTTP][0m --> GET /wd/hub/session/6574240b-463d-468a-80e8-2f8696575104/source 
[38;5;138m[6574240b][0m[38;5;-38m[AndroidUiautomator2Driver@f1f0][0m Driver proxy active, passing request on via HTTP proxy
[38;5;138m[6574240b][0m[38;5;86m[HTTP][0m <-- GET /wd/hub/session/6574240b-463d-468a-80e8-2f8696575104/screenshot 200 1027 ms - 74340
[38;5;138m[6574240b][0m[38;5;-38m[AndroidUiautomator2Driver@f1f0][0m Replacing sessionId 8de0f49c-56d3-4c2b-b7bf-0c0d011efe55 with 6574240b-463d-468a-80e8-2f8696575104
[38;5;86m[HTTP][0m <-- GET /wd/hub/session/6574240b-463d-468a-80e8-2f8696575104/source 200 1500 ms - 16525
[38;5;138m[6574240b][0m[38;5;86m[HTTP][0m --> GET /wd/hub/session/6574240b-463d-468a-80e8-2f8696575104/timeouts 
[38;5;86m[HTTP][0m <-- GET /wd/hub/session/6574240b-463d-468a-80e8-2f8696575104/timeouts 200 5 ms - 46
[38;5;138m[6574240b][0m[38;5;86m[HTTP][0m --> POST /wd/hub/session/6574240b-463d-468a-80e8-2f8696575104/timeouts {"implicit":0}
[38;5;138m[6574240b][0m[38;5;86m[HTTP][0m <-- POST /wd/hub/session/6574240b-463d-468a-80e8-2f8696575104/timeouts 200 3 ms - 14
[38;5;138m[6574240b][0m[38;5;86m[HTTP][0m --> POST /wd/hub/session/6574240b-463d-468a-80e8-2f8696575104/elements {"using":"xpath","value":"/hierarchy/android.widget.FrameLayout/android.widget.LinearLayout/android.widget.FrameLayout/android.widget.LinearLayout/android.widget.FrameLayout/android.widget.RelativeLayout/android.widget.FrameLayout/android.view.ViewGroup/androidx.viewpager.widget.ViewPager/android.view.ViewGroup"}
[38;5;138m[6574240b][0m[38;5;86m[HTTP][0m <-- POST /wd/hub/session/6574240b-463d-468a-80e8-2f8696575104/elements 200 1666 ms - 12
[38;5;138m[6574240b][0m[38;5;86m[HTTP][0m --> POST /wd/hub/session/6574240b-463d-468a-80e8-2f8696575104/timeouts {"implicit":0}
[38;5;138m[6574240b][0m[38;5;86m[HTTP][0m <-- POST /wd/hub/session/6574240b-463d-468a-80e8-2f8696575104/timeouts 200 2 ms - 14
[38;5;138m[6574240b][0m[38;5;86m[HTTP][0m --> POST /wd/hub/session/6574240b-463d-468a-80e8-2f8696575104/elements {"using":"xpath","value":"/hierarchy/android.widget.FrameLayout/android.widget.LinearLayout/android.widget.FrameLayout/android.widget.LinearLayout/android.widget.FrameLayout/android.widget.RelativeLayout/android.widget.FrameLayout/android.view.ViewGroup/androidx.viewpager.widget.ViewPager/android.view.ViewGroup"}
[38;5;138m[6574240b][0m[38;5;86m[HTTP][0m <-- POST /wd/hub/session/6574240b-463d-468a-80e8-2f8696575104/elements 200 508 ms - 12
[38;5;138m[6574240b][0m[38;5;86m[HTTP][0m --> POST /wd/hub/session/6574240b-463d-468a-80e8-2f8696575104/timeouts {"implicit":0}
[38;5;138m[6574240b][0m[38;5;86m[HTTP][0m <-- POST /wd/hub/session/6574240b-463d-468a-80e8-2f8696575104/timeouts 200 7 ms - 14
[38;5;138m[6574240b][0m[38;5;86m[HTTP][0m --> POST /wd/hub/session/6574240b-463d-468a-80e8-2f8696575104/elements {"using":"xpath","value":"/hierarchy/android.widget.FrameLayout/android.widget.LinearLayout/android.widget.FrameLayout/android.widget.LinearLayout/android.widget.FrameLayout/android.widget.RelativeLayout/android.widget.FrameLayout/android.view.ViewGroup/androidx.viewpager.widget.ViewPager/android.view.ViewGroup"}
[38;5;138m[6574240b][0m[38;5;86m[HTTP][0m <-- POST /wd/hub/session/6574240b-463d-468a-80e8-2f8696575104/elements 200 570 ms - 12
[38;5;138m[6574240b][0m[38;5;86m[HTTP][0m --> POST /wd/hub/session/6574240b-463d-468a-80e8-2f8696575104/timeouts {"implicit":0}
[38;5;138m[6574240b][0m[38;5;86m[HTTP][0m <-- POST /wd/hub/session/6574240b-463d-468a-80e8-2f8696575104/timeouts 200 2 ms - 14
[38;5;138m[6574240b][0m[38;5;86m[HTTP][0m --> POST /wd/hub/session/6574240b-463d-468a-80e8-2f8696575104/elements {"using":"xpath","value":"/hierarchy/android.widget.FrameLayout/android.widget.LinearLayout/android.widget.FrameLayout/android.widget.LinearLayout/android.widget.FrameLayout/android.widget.RelativeLayout/android.widget.FrameLayout/android.view.ViewGroup/androidx.viewpager.widget.ViewPager/android.view.ViewGroup"}
[38;5;138m[6574240b][0m[38;5;86m[HTTP][0m <-- POST /wd/hub/session/6574240b-463d-468a-80e8-2f8696575104/elements 200 491 ms - 12
[38;5;138m[6574240b][0m[38;5;86m[HTTP][0m --> POST /wd/hub/session/6574240b-463d-468a-80e8-2f8696575104/timeouts {"implicit":0}
[38;5;138m[6574240b][0m[38;5;86m[HTTP][0m <-- POST /wd/hub/session/6574240b-463d-468a-80e8-2f8696575104/timeouts 200 5 ms - 14
[38;5;138m[6574240b][0m[38;5;86m[HTTP][0m --> POST /wd/hub/session/6574240b-463d-468a-80e8-2f8696575104/elements {"using":"xpath","value":"/hierarchy/android.widget.FrameLayout/android.widget.LinearLayout/android.widget.FrameLayout/android.widget.LinearLayout/android.widget.FrameLayout/android.widget.RelativeLayout/android.widget.FrameLayout/android.view.ViewGroup/androidx.viewpager.widget.ViewPager/android.view.ViewGroup"}
[38;5;138m[6574240b][0m[38;5;86m[HTTP][0m <-- POST /wd/hub/session/6574240b-463d-468a-80e8-2f8696575104/elements 200 495 ms - 12
[38;5;138m[6574240b][0m[38;5;86m[HTTP][0m --> POST /wd/hub/session/6574240b-463d-468a-80e8-2f8696575104/timeouts {"implicit":0}
[38;5;138m[6574240b][0m[38;5;86m[HTTP][0m <-- POST /wd/hub/session/6574240b-463d-468a-80e8-2f8696575104/timeouts 200 8 ms - 14
[38;5;138m[6574240b][0m[38;5;86m[HTTP][0m --> POST /wd/hub/session/6574240b-463d-468a-80e8-2f8696575104/elements {"using":"xpath","value":"/hierarchy/android.widget.FrameLayout/android.widget.LinearLayout/android.widget.FrameLayout/android.widget.LinearLayout/android.widget.FrameLayout/android.widget.RelativeLayout/android.widget.FrameLayout/android.view.ViewGroup/androidx.viewpager.widget.ViewPager/android.view.ViewGroup"}
[38;5;138m[6574240b][0m[38;5;86m[HTTP][0m <-- POST /wd/hub/session/6574240b-463d-468a-80e8-2f8696575104/elements 200 447 ms - 12
[38;5;138m[6574240b][0m[38;5;86m[HTTP][0m --> POST /wd/hub/session/6574240b-463d-468a-80e8-2f8696575104/timeouts {"implicit":0}
[38;5;138m[6574240b][0m[38;5;86m[HTTP][0m <-- POST /wd/hub/session/6574240b-463d-468a-80e8-2f8696575104/timeouts 200 8 ms - 14
[38;5;138m[6574240b][0m[38;5;86m[HTTP][0m --> POST /wd/hub/session/6574240b-463d-468a-80e8-2f8696575104/elements {"using":"xpath","value":"/hierarchy/android.widget.FrameLayout/android.widget.LinearLayout/android.widget.FrameLayout/android.widget.LinearLayout/android.widget.FrameLayout/android.widget.RelativeLayout/android.widget.FrameLayout/android.view.ViewGroup/androidx.viewpager.widget.ViewPager/android.view.ViewGroup"}
[38;5;138m[6574240b][0m[38;5;86m[HTTP][0m <-- POST /wd/hub/session/6574240b-463d-468a-80e8-2f8696575104/elements 200 486 ms - 12
[38;5;138m[6574240b][0m[38;5;86m[HTTP][0m --> POST /wd/hub/session/6574240b-463d-468a-80e8-2f8696575104/timeouts {"implicit":0}
[38;5;138m[6574240b][0m[38;5;86m[HTTP][0m <-- POST /wd/hub/session/6574240b-463d-468a-80e8-2f8696575104/timeouts 200 9 ms - 14
[38;5;138m[6574240b][0m[38;5;86m[HTTP][0m --> POST /wd/hub/session/6574240b-463d-468a-80e8-2f8696575104/elements {"using":"xpath","value":"/hierarchy/android.widget.FrameLayout/android.widget.LinearLayout/android.widget.FrameLayout/android.widget.LinearLayout/android.widget.FrameLayout/android.widget.RelativeLayout/android.widget.FrameLayout/android.view.ViewGroup/androidx.viewpager.widget.ViewPager/android.view.ViewGroup"}
[38;5;138m[6574240b][0m[38;5;86m[HTTP][0m <-- POST /wd/hub/session/6574240b-463d-468a-80e8-2f8696575104/elements 200 429 ms - 12
[38;5;138m[6574240b][0m[38;5;86m[HTTP][0m --> POST /wd/hub/session/6574240b-463d-468a-80e8-2f8696575104/timeouts {"implicit":0}
[38;5;138m[6574240b][0m[38;5;86m[HTTP][0m <-- POST /wd/hub/session/6574240b-463d-468a-80e8-2f8696575104/timeouts 200 2 ms - 14
[38;5;138m[6574240b][0m[38;5;86m[HTTP][0m --> POST /wd/hub/session/6574240b-463d-468a-80e8-2f8696575104/elements {"using":"xpath","value":"/hierarchy/android.widget.FrameLayout/android.widget.LinearLayout/android.widget.FrameLayout/android.widget.LinearLayout/android.widget.FrameLayout/android.widget.RelativeLayout/android.widget.FrameLayout/android.view.ViewGroup/androidx.viewpager.widget.ViewPager/android.view.ViewGroup"}
[38;5;138m[6574240b][0m[38;5;86m[HTTP][0m <-- POST /wd/hub/session/6574240b-463d-468a-80e8-2f8696575104/elements 200 386 ms - 12
[38;5;138m[6574240b][0m[38;5;86m[HTTP][0m --> POST /wd/hub/session/6574240b-463d-468a-80e8-2f8696575104/timeouts {"implicit":0}
[38;5;138m[6574240b][0m[38;5;86m[HTTP][0m <-- POST /wd/hub/session/6574240b-463d-468a-80e8-2f8696575104/timeouts 200 8 ms - 14
[38;5;138m[6574240b][0m[38;5;86m[HTTP][0m --> POST /wd/hub/session/6574240b-463d-468a-80e8-2f8696575104/elements {"using":"xpath","value":"/hierarchy/android.widget.FrameLayout/android.widget.LinearLayout/android.widget.FrameLayout/android.widget.LinearLayout/android.widget.FrameLayout/android.widget.RelativeLayout/android.widget.FrameLayout/android.view.ViewGroup/androidx.viewpager.widget.ViewPager/android.view.ViewGroup"}
[38;5;138m[6574240b][0m[38;5;86m[HTTP][0m <-- POST /wd/hub/session/6574240b-463d-468a-80e8-2f8696575104/elements 200 764 ms - 12
[38;5;138m[6574240b][0m[38;5;86m[HTTP][0m --> POST /wd/hub/session/6574240b-463d-468a-80e8-2f8696575104/timeouts {"implicit":0}
[38;5;138m[6574240b][0m[38;5;86m[HTTP][0m <-- POST /wd/hub/session/6574240b-463d-468a-80e8-2f8696575104/timeouts 200 7 ms - 14
[38;5;138m[6574240b][0m[38;5;86m[HTTP][0m --> POST /wd/hub/session/6574240b-463d-468a-80e8-2f8696575104/elements {"using":"xpath","value":"/hierarchy/android.widget.FrameLayout/android.widget.LinearLayout/android.widget.FrameLayout/android.widget.LinearLayout/android.widget.FrameLayout/android.widget.RelativeLayout/android.widget.FrameLayout/android.view.ViewGroup/androidx.viewpager.widget.ViewPager/android.view.ViewGroup"}
[38;5;138m[6574240b][0m[38;5;86m[HTTP][0m <-- POST /wd/hub/session/6574240b-463d-468a-80e8-2f8696575104/elements 200 456 ms - 12
[38;5;138m[6574240b][0m[38;5;86m[HTTP][0m --> POST /wd/hub/session/6574240b-463d-468a-80e8-2f8696575104/timeouts {"implicit":0}
[38;5;138m[6574240b][0m[38;5;86m[HTTP][0m <-- POST /wd/hub/session/6574240b-463d-468a-80e8-2f8696575104/timeouts 200 8 ms - 14
[38;5;138m[6574240b][0m[38;5;86m[HTTP][0m --> POST /wd/hub/session/6574240b-463d-468a-80e8-2f8696575104/elements {"using":"xpath","value":"/hierarchy/android.widget.FrameLayout/android.widget.LinearLayout/android.widget.FrameLayout/android.widget.LinearLayout/android.widget.FrameLayout/android.widget.RelativeLayout/android.widget.FrameLayout/android.view.ViewGroup/androidx.viewpager.widget.ViewPager/android.view.ViewGroup"}
[38;5;138m[6574240b][0m[38;5;86m[HTTP][0m <-- POST /wd/hub/session/6574240b-463d-468a-80e8-2f8696575104/elements 200 447 ms - 12
[38;5;138m[6574240b][0m[38;5;86m[HTTP][0m --> POST /wd/hub/session/6574240b-463d-468a-80e8-2f8696575104/timeouts {"implicit":0}
[38;5;138m[6574240b][0m[38;5;86m[HTTP][0m <-- POST /wd/hub/session/6574240b-463d-468a-80e8-2f8696575104/timeouts 200 11 ms - 14
[38;5;138m[6574240b][0m[38;5;86m[HTTP][0m --> POST /wd/hub/session/6574240b-463d-468a-80e8-2f8696575104/elements {"using":"xpath","value":"/hierarchy/android.widget.FrameLayout/android.widget.LinearLayout/android.widget.FrameLayout/android.widget.LinearLayout/android.widget.FrameLayout/android.widget.RelativeLayout/android.widget.FrameLayout/android.view.ViewGroup/androidx.viewpager.widget.ViewPager/android.view.ViewGroup"}
[38;5;138m[6574240b][0m[38;5;86m[HTTP][0m <-- POST /wd/hub/session/6574240b-463d-468a-80e8-2f8696575104/elements 200 422 ms - 12
[38;5;138m[6574240b][0m[38;5;86m[HTTP][0m --> POST /wd/hub/session/6574240b-463d-468a-80e8-2f8696575104/timeouts {"implicit":0}
[38;5;138m[6574240b][0m[38;5;86m[HTTP][0m <-- POST /wd/hub/session/6574240b-463d-468a-80e8-2f8696575104/timeouts 200 2 ms - 14
[38;5;138m[6574240b][0m[38;5;86m[HTTP][0m --> POST /wd/hub/session/6574240b-463d-468a-80e8-2f8696575104/elements {"using":"xpath","value":"/hierarchy/android.widget.FrameLayout/android.widget.LinearLayout/android.widget.FrameLayout/android.widget.LinearLayout/android.widget.FrameLayout/android.widget.RelativeLayout/android.widget.FrameLayout/android.view.ViewGroup/androidx.viewpager.widget.ViewPager/android.view.ViewGroup"}
[38;5;138m[6574240b][0m[38;5;86m[HTTP][0m <-- POST /wd/hub/session/6574240b-463d-468a-80e8-2f8696575104/elements 200 731 ms - 12
[38;5;138m[6574240b][0m[38;5;86m[HTTP][0m --> POST /wd/hub/session/6574240b-463d-468a-80e8-2f8696575104/timeouts {"implicit":0}
[38;5;138m[6574240b][0m[38;5;86m[HTTP][0m <-- POST /wd/hub/session/6574240b-463d-468a-80e8-2f8696575104/timeouts 200 4 ms - 14
[38;5;138m[6574240b][0m[38;5;86m[HTTP][0m --> POST /wd/hub/session/6574240b-463d-468a-80e8-2f8696575104/elements {"using":"xpath","value":"/hierarchy/android.widget.FrameLayout/android.widget.LinearLayout/android.widget.FrameLayout/android.widget.LinearLayout/android.widget.FrameLayout/android.widget.RelativeLayout/android.widget.FrameLayout/android.view.ViewGroup/androidx.viewpager.widget.ViewPager/android.view.ViewGroup"}
[38;5;138m[6574240b][0m[38;5;86m[HTTP][0m <-- POST /wd/hub/session/6574240b-463d-468a-80e8-2f8696575104/elements 200 410 ms - 12
[38;5;138m[6574240b][0m[38;5;86m[HTTP][0m --> POST /wd/hub/session/6574240b-463d-468a-80e8-2f8696575104/timeouts {"implicit":0}
[38;5;138m[6574240b][0m[38;5;86m[HTTP][0m <-- POST /wd/hub/session/6574240b-463d-468a-80e8-2f8696575104/timeouts 200 9 ms - 14
[38;5;138m[6574240b][0m[38;5;86m[HTTP][0m --> POST /wd/hub/session/6574240b-463d-468a-80e8-2f8696575104/elements {"using":"xpath","value":"/hierarchy/android.widget.FrameLayout/android.widget.LinearLayout/android.widget.FrameLayout/android.widget.LinearLayout/android.widget.FrameLayout/android.widget.RelativeLayout/android.widget.FrameLayout/android.view.ViewGroup/androidx.viewpager.widget.ViewPager/android.view.ViewGroup"}
[38;5;138m[6574240b][0m[38;5;86m[HTTP][0m <-- POST /wd/hub/session/6574240b-463d-468a-80e8-2f8696575104/elements 200 400 ms - 12
[38;5;138m[6574240b][0m[38;5;86m[HTTP][0m --> POST /wd/hub/session/6574240b-463d-468a-80e8-2f8696575104/timeouts {"implicit":0}
[38;5;138m[6574240b][0m[38;5;86m[HTTP][0m <-- POST /wd/hub/session/6574240b-463d-468a-80e8-2f8696575104/timeouts 200 7 ms - 14
[38;5;138m[6574240b][0m[38;5;86m[HTTP][0m --> POST /wd/hub/session/6574240b-463d-468a-80e8-2f8696575104/elements {"using":"xpath","value":"/hierarchy/android.widget.FrameLayout/android.widget.LinearLayout/android.widget.FrameLayout/android.widget.LinearLayout/android.widget.FrameLayout/android.widget.RelativeLayout/android.widget.FrameLayout/android.view.ViewGroup/androidx.viewpager.widget.ViewPager/android.view.ViewGroup"}
[38;5;138m[6574240b][0m[38;5;86m[HTTP][0m <-- POST /wd/hub/session/6574240b-463d-468a-80e8-2f8696575104/elements 200 419 ms - 12
[38;5;138m[6574240b][0m[38;5;86m[HTTP][0m --> POST /wd/hub/session/6574240b-463d-468a-80e8-2f8696575104/timeouts {"implicit":0}
[38;5;138m[6574240b][0m[38;5;86m[HTTP][0m <-- POST /wd/hub/session/6574240b-463d-468a-80e8-2f8696575104/timeouts 200 5 ms - 14
[38;5;138m[6574240b][0m[38;5;86m[HTTP][0m --> POST /wd/hub/session/6574240b-463d-468a-80e8-2f8696575104/elements {"using":"xpath","value":"/hierarchy/android.widget.FrameLayout/android.widget.LinearLayout/android.widget.FrameLayout/android.widget.LinearLayout/android.widget.FrameLayout/android.widget.RelativeLayout/android.widget.FrameLayout/android.view.ViewGroup/androidx.viewpager.widget.ViewPager/android.view.ViewGroup"}
[38;5;138m[6574240b][0m[38;5;86m[HTTP][0m <-- POST /wd/hub/session/6574240b-463d-468a-80e8-2f8696575104/elements 200 773 ms - 12
[38;5;138m[6574240b][0m[38;5;86m[HTTP][0m --> POST /wd/hub/session/6574240b-463d-468a-80e8-2f8696575104/timeouts {"implicit":0}
[38;5;138m[6574240b][0m[38;5;86m[HTTP][0m <-- POST /wd/hub/session/6574240b-463d-468a-80e8-2f8696575104/timeouts 200 9 ms - 14
[38;5;138m[6574240b][0m[38;5;86m[HTTP][0m --> POST /wd/hub/session/6574240b-463d-468a-80e8-2f8696575104/elements {"using":"xpath","value":"/hierarchy/android.widget.FrameLayout/android.widget.LinearLayout/android.widget.FrameLayout/android.widget.LinearLayout/android.widget.FrameLayout/android.widget.RelativeLayout/android.widget.FrameLayout/android.view.ViewGroup/androidx.viewpager.widget.ViewPager/android.view.ViewGroup"}
[38;5;138m[6574240b][0m[38;5;86m[HTTP][0m <-- POST /wd/hub/session/6574240b-463d-468a-80e8-2f8696575104/elements 200 355 ms - 12
[38;5;138m[6574240b][0m[38;5;86m[HTTP][0m --> POST /wd/hub/session/6574240b-463d-468a-80e8-2f8696575104/timeouts {"implicit":0}
[38;5;138m[6574240b][0m[38;5;86m[HTTP][0m <-- POST /wd/hub/session/6574240b-463d-468a-80e8-2f8696575104/timeouts 200 10 ms - 14
[38;5;138m[6574240b][0m[38;5;86m[HTTP][0m --> POST /wd/hub/session/6574240b-463d-468a-80e8-2f8696575104/elements {"using":"xpath","value":"/hierarchy/android.widget.FrameLayout/android.widget.LinearLayout/android.widget.FrameLayout/android.widget.LinearLayout/android.widget.FrameLayout/android.widget.RelativeLayout/android.widget.FrameLayout/android.view.ViewGroup/androidx.viewpager.widget.ViewPager/android.view.ViewGroup"}
[38;5;138m[6574240b][0m[38;5;86m[HTTP][0m <-- POST /wd/hub/session/6574240b-463d-468a-80e8-2f8696575104/elements 200 408 ms - 12
[38;5;138m[6574240b][0m[38;5;86m[HTTP][0m --> POST /wd/hub/session/6574240b-463d-468a-80e8-2f8696575104/timeouts {"implicit":0}
[38;5;138m[6574240b][0m[38;5;86m[HTTP][0m <-- POST /wd/hub/session/6574240b-463d-468a-80e8-2f8696575104/timeouts 200 5 ms - 14
[38;5;138m[6574240b][0m[38;5;86m[HTTP][0m --> POST /wd/hub/session/6574240b-463d-468a-80e8-2f8696575104/elements {"using":"xpath","value":"/hierarchy/android.widget.FrameLayout/android.widget.LinearLayout/android.widget.FrameLayout/android.widget.LinearLayout/android.widget.FrameLayout/android.widget.RelativeLayout/android.widget.FrameLayout/android.view.ViewGroup/androidx.viewpager.widget.ViewPager/android.view.ViewGroup"}
[38;5;138m[6574240b][0m[38;5;86m[HTTP][0m <-- POST /wd/hub/session/6574240b-463d-468a-80e8-2f8696575104/elements 200 342 ms - 12
[38;5;138m[6574240b][0m[38;5;86m[HTTP][0m --> POST /wd/hub/session/6574240b-463d-468a-80e8-2f8696575104/timeouts {"implicit":0}
[38;5;138m[6574240b][0m[38;5;86m[HTTP][0m <-- POST /wd/hub/session/6574240b-463d-468a-80e8-2f8696575104/timeouts 200 8 ms - 14
[38;5;138m[6574240b][0m[38;5;86m[HTTP][0m --> POST /wd/hub/session/6574240b-463d-468a-80e8-2f8696575104/elements {"using":"xpath","value":"/hierarchy/android.widget.FrameLayout/android.widget.LinearLayout/android.widget.FrameLayout/android.widget.LinearLayout/android.widget.FrameLayout/android.widget.RelativeLayout/android.widget.FrameLayout/android.view.ViewGroup/androidx.viewpager.widget.ViewPager/android.view.ViewGroup"}
[38;5;138m[6574240b][0m[38;5;86m[HTTP][0m <-- POST /wd/hub/session/6574240b-463d-468a-80e8-2f8696575104/elements 200 375 ms - 12
[38;5;138m[6574240b][0m[38;5;86m[HTTP][0m --> POST /wd/hub/session/6574240b-463d-468a-80e8-2f8696575104/timeouts {"implicit":0}
[38;5;138m[6574240b][0m[38;5;86m[HTTP][0m <-- POST /wd/hub/session/6574240b-463d-468a-80e8-2f8696575104/timeouts 200 5 ms - 14
[38;5;138m[6574240b][0m[38;5;86m[HTTP][0m --> POST /wd/hub/session/6574240b-463d-468a-80e8-2f8696575104/elements {"using":"xpath","value":"/hierarchy/android.widget.FrameLayout/android.widget.LinearLayout/android.widget.FrameLayout/android.widget.LinearLayout/android.widget.FrameLayout/android.widget.RelativeLayout/android.widget.FrameLayout/android.view.ViewGroup/androidx.viewpager.widget.ViewPager/android.view.ViewGroup"}
[38;5;138m[6574240b][0m[38;5;86m[HTTP][0m <-- POST /wd/hub/session/6574240b-463d-468a-80e8-2f8696575104/elements 200 339 ms - 12
[38;5;138m[6574240b][0m[38;5;86m[HTTP][0m --> POST /wd/hub/session/6574240b-463d-468a-80e8-2f8696575104/timeouts {"implicit":0}
[38;5;138m[6574240b][0m[38;5;86m[HTTP][0m <-- POST /wd/hub/session/6574240b-463d-468a-80e8-2f8696575104/timeouts 200 10 ms - 14
[38;5;138m[6574240b][0m[38;5;86m[HTTP][0m --> POST /wd/hub/session/6574240b-463d-468a-80e8-2f8696575104/elements {"using":"xpath","value":"/hierarchy/android.widget.FrameLayout/android.widget.LinearLayout/android.widget.FrameLayout/android.widget.LinearLayout/android.widget.FrameLayout/android.widget.RelativeLayout/android.widget.FrameLayout/android.view.ViewGroup/androidx.viewpager.widget.ViewPager/android.view.ViewGroup"}
[38;5;138m[6574240b][0m[38;5;86m[HTTP][0m <-- POST /wd/hub/session/6574240b-463d-468a-80e8-2f8696575104/elements 200 453 ms - 12
[38;5;138m[6574240b][0m[38;5;86m[HTTP][0m --> POST /wd/hub/session/6574240b-463d-468a-80e8-2f8696575104/timeouts {"implicit":0}
[38;5;138m[6574240b][0m[38;5;86m[HTTP][0m <-- POST /wd/hub/session/6574240b-463d-468a-80e8-2f8696575104/timeouts 200 6 ms - 14
[38;5;138m[6574240b][0m[38;5;86m[HTTP][0m --> POST /wd/hub/session/6574240b-463d-468a-80e8-2f8696575104/elements {"using":"xpath","value":"/hierarchy/android.widget.FrameLayout/android.widget.LinearLayout/android.widget.FrameLayout/android.widget.LinearLayout/android.widget.FrameLayout/android.widget.RelativeLayout/android.widget.FrameLayout/android.view.ViewGroup/androidx.viewpager.widget.ViewPager/android.view.ViewGroup"}
[38;5;138m[6574240b][0m[38;5;86m[HTTP][0m <-- POST /wd/hub/session/6574240b-463d-468a-80e8-2f8696575104/elements 200 305 ms - 12
[38;5;138m[6574240b][0m[38;5;86m[HTTP][0m --> POST /wd/hub/session/6574240b-463d-468a-80e8-2f8696575104/timeouts {"implicit":0}
[38;5;138m[6574240b][0m[38;5;86m[HTTP][0m <-- POST /wd/hub/session/6574240b-463d-468a-80e8-2f8696575104/timeouts 200 4 ms - 14
[38;5;138m[6574240b][0m[38;5;86m[HTTP][0m --> POST /wd/hub/session/6574240b-463d-468a-80e8-2f8696575104/elements {"using":"xpath","value":"/hierarchy/android.widget.FrameLayout/android.widget.LinearLayout/android.widget.FrameLayout/android.widget.LinearLayout/android.widget.FrameLayout/android.widget.RelativeLayout/android.widget.FrameLayout/android.view.ViewGroup/androidx.viewpager.widget.ViewPager/android.view.ViewGroup"}
[38;5;138m[6574240b][0m[38;5;86m[HTTP][0m <-- POST /wd/hub/session/6574240b-463d-468a-80e8-2f8696575104/elements 200 331 ms - 12
[38;5;138m[6574240b][0m[38;5;86m[HTTP][0m --> POST /wd/hub/session/6574240b-463d-468a-80e8-2f8696575104/timeouts {"implicit":0}
[38;5;138m[6574240b][0m[38;5;86m[HTTP][0m <-- POST /wd/hub/session/6574240b-463d-468a-80e8-2f8696575104/timeouts 200 6 ms - 14
[38;5;138m[6574240b][0m[38;5;86m[HTTP][0m --> POST /wd/hub/session/6574240b-463d-468a-80e8-2f8696575104/elements {"using":"xpath","value":"/hierarchy/android.widget.FrameLayout/android.widget.LinearLayout/android.widget.FrameLayout/android.widget.LinearLayout/android.widget.FrameLayout/android.widget.RelativeLayout/android.widget.FrameLayout/android.view.ViewGroup/androidx.viewpager.widget.ViewPager/android.view.ViewGroup"}
[38;5;138m[6574240b][0m[38;5;86m[HTTP][0m <-- POST /wd/hub/session/6574240b-463d-468a-80e8-2f8696575104/elements 200 392 ms - 12
[38;5;138m[6574240b][0m[38;5;86m[HTTP][0m --> POST /wd/hub/session/6574240b-463d-468a-80e8-2f8696575104/timeouts {"implicit":0}
[38;5;138m[6574240b][0m[38;5;86m[HTTP][0m <-- POST /wd/hub/session/6574240b-463d-468a-80e8-2f8696575104/timeouts 200 6 ms - 14
[38;5;138m[6574240b][0m[38;5;86m[HTTP][0m --> POST /wd/hub/session/6574240b-463d-468a-80e8-2f8696575104/elements {"using":"xpath","value":"/hierarchy/android.widget.FrameLayout/android.widget.LinearLayout/android.widget.FrameLayout/android.widget.LinearLayout/android.widget.FrameLayout/android.widget.RelativeLayout/android.widget.FrameLayout/android.view.ViewGroup/androidx.viewpager.widget.ViewPager/android.view.ViewGroup"}
[38;5;138m[6574240b][0m[38;5;86m[HTTP][0m <-- POST /wd/hub/session/6574240b-463d-468a-80e8-2f8696575104/elements 200 392 ms - 12
[38;5;138m[6574240b][0m[38;5;86m[HTTP][0m --> POST /wd/hub/session/6574240b-463d-468a-80e8-2f8696575104/timeouts {"implicit":0}
[38;5;138m[6574240b][0m[38;5;86m[HTTP][0m <-- POST /wd/hub/session/6574240b-463d-468a-80e8-2f8696575104/timeouts 200 8 ms - 14
[38;5;138m[6574240b][0m[38;5;86m[HTTP][0m --> POST /wd/hub/session/6574240b-463d-468a-80e8-2f8696575104/elements {"using":"xpath","value":"/hierarchy/android.widget.FrameLayout/android.widget.LinearLayout/android.widget.FrameLayout/android.widget.LinearLayout/android.widget.FrameLayout/android.widget.RelativeLayout/android.widget.FrameLayout/android.view.ViewGroup/androidx.viewpager.widget.ViewPager/android.view.ViewGroup"}
[38;5;138m[6574240b][0m[38;5;86m[HTTP][0m <-- POST /wd/hub/session/6574240b-463d-468a-80e8-2f8696575104/elements 200 352 ms - 12
[38;5;138m[6574240b][0m[38;5;86m[HTTP][0m --> POST /wd/hub/session/6574240b-463d-468a-80e8-2f8696575104/timeouts {"implicit":0}
[38;5;138m[6574240b][0m[38;5;86m[HTTP][0m <-- POST /wd/hub/session/6574240b-463d-468a-80e8-2f8696575104/timeouts 200 6 ms - 14
[38;5;138m[6574240b][0m[38;5;86m[HTTP][0m --> POST /wd/hub/session/6574240b-463d-468a-80e8-2f8696575104/elements {"using":"xpath","value":"/hierarchy/android.widget.FrameLayout/android.widget.LinearLayout/android.widget.FrameLayout/android.widget.LinearLayout/android.widget.FrameLayout/android.widget.RelativeLayout/android.widget.FrameLayout/android.view.ViewGroup/androidx.viewpager.widget.ViewPager/android.view.ViewGroup"}
[38;5;138m[6574240b][0m[38;5;86m[HTTP][0m <-- POST /wd/hub/session/6574240b-463d-468a-80e8-2f8696575104/elements 200 367 ms - 12
[38;5;138m[6574240b][0m[38;5;86m[HTTP][0m --> POST /wd/hub/session/6574240b-463d-468a-80e8-2f8696575104/timeouts {"implicit":0}
[38;5;138m[6574240b][0m[38;5;86m[HTTP][0m <-- POST /wd/hub/session/6574240b-463d-468a-80e8-2f8696575104/timeouts 200 2 ms - 14
[38;5;138m[6574240b][0m[38;5;86m[HTTP][0m --> POST /wd/hub/session/6574240b-463d-468a-80e8-2f8696575104/elements {"using":"xpath","value":"/hierarchy/android.widget.FrameLayout/android.widget.LinearLayout/android.widget.FrameLayout/android.widget.LinearLayout/android.widget.FrameLayout/android.widget.RelativeLayout/android.widget.FrameLayout/android.view.ViewGroup/androidx.viewpager.widget.ViewPager/android.view.ViewGroup"}
[38;5;138m[6574240b][0m[38;5;86m[HTTP][0m <-- POST /wd/hub/session/6574240b-463d-468a-80e8-2f8696575104/elements 200 353 ms - 12
[38;5;138m[6574240b][0m[38;5;86m[HTTP][0m --> POST /wd/hub/session/6574240b-463d-468a-80e8-2f8696575104/timeouts {"implicit":0}
[38;5;138m[6574240b][0m[38;5;86m[HTTP][0m <-- POST /wd/hub/session/6574240b-463d-468a-80e8-2f8696575104/timeouts 200 4 ms - 14
[38;5;138m[6574240b][0m[38;5;86m[HTTP][0m --> POST /wd/hub/session/6574240b-463d-468a-80e8-2f8696575104/elements {"using":"xpath","value":"/hierarchy/android.widget.FrameLayout/android.widget.LinearLayout/android.widget.FrameLayout/android.widget.LinearLayout/android.widget.FrameLayout/android.widget.RelativeLayout/android.widget.FrameLayout/android.view.ViewGroup/androidx.viewpager.widget.ViewPager/android.view.ViewGroup"}
[38;5;138m[6574240b][0m[38;5;86m[HTTP][0m <-- POST /wd/hub/session/6574240b-463d-468a-80e8-2f8696575104/elements 200 1011 ms - 12
[38;5;138m[6574240b][0m[38;5;86m[HTTP][0m --> POST /wd/hub/session/6574240b-463d-468a-80e8-2f8696575104/timeouts {"implicit":0}
[38;5;138m[6574240b][0m[38;5;86m[HTTP][0m <-- POST /wd/hub/session/6574240b-463d-468a-80e8-2f8696575104/timeouts 200 6 ms - 14
[38;5;138m[6574240b][0m[38;5;86m[HTTP][0m --> POST /wd/hub/session/6574240b-463d-468a-80e8-2f8696575104/elements {"using":"xpath","value":"/hierarchy/android.widget.FrameLayout/android.widget.LinearLayout/android.widget.FrameLayout/android.widget.LinearLayout/android.widget.FrameLayout/android.widget.RelativeLayout/android.widget.FrameLayout/android.view.ViewGroup/androidx.viewpager.widget.ViewPager/android.view.ViewGroup"}
[38;5;138m[6574240b][0m[38;5;86m[HTTP][0m <-- POST /wd/hub/session/6574240b-463d-468a-80e8-2f8696575104/elements 200 354 ms - 12
[38;5;138m[6574240b][0m[38;5;86m[HTTP][0m --> POST /wd/hub/session/6574240b-463d-468a-80e8-2f8696575104/timeouts {"implicit":0}
[38;5;138m[6574240b][0m[38;5;86m[HTTP][0m <-- POST /wd/hub/session/6574240b-463d-468a-80e8-2f8696575104/timeouts 200 4 ms - 14
[38;5;138m[6574240b][0m[38;5;86m[HTTP][0m --> POST /wd/hub/session/6574240b-463d-468a-80e8-2f8696575104/elements {"using":"xpath","value":"/hierarchy/android.widget.FrameLayout/android.widget.LinearLayout/android.widget.FrameLayout/android.widget.LinearLayout/android.widget.FrameLayout/android.widget.RelativeLayout/android.widget.FrameLayout/android.view.ViewGroup/androidx.viewpager.widget.ViewPager/android.view.ViewGroup"}
[38;5;138m[6574240b][0m[38;5;86m[HTTP][0m <-- POST /wd/hub/session/6574240b-463d-468a-80e8-2f8696575104/elements 200 384 ms - 12
[38;5;138m[6574240b][0m[38;5;86m[HTTP][0m --> POST /wd/hub/session/6574240b-463d-468a-80e8-2f8696575104/timeouts {"implicit":0}
[38;5;138m[6574240b][0m[38;5;86m[HTTP][0m <-- POST /wd/hub/session/6574240b-463d-468a-80e8-2f8696575104/timeouts 200 5 ms - 14
[38;5;138m[6574240b][0m[38;5;86m[HTTP][0m --> POST /wd/hub/session/6574240b-463d-468a-80e8-2f8696575104/elements {"using":"xpath","value":"/hierarchy/android.widget.FrameLayout/android.widget.LinearLayout/android.widget.FrameLayout/android.widget.LinearLayout/android.widget.FrameLayout/android.widget.RelativeLayout/android.widget.FrameLayout/android.view.ViewGroup/androidx.viewpager.widget.ViewPager/android.view.ViewGroup"}
[38;5;138m[6574240b][0m[38;5;86m[HTTP][0m <-- POST /wd/hub/session/6574240b-463d-468a-80e8-2f8696575104/elements 200 325 ms - 12
[38;5;138m[6574240b][0m[38;5;86m[HTTP][0m --> POST /wd/hub/session/6574240b-463d-468a-80e8-2f8696575104/timeouts {"implicit":0}
[38;5;138m[6574240b][0m[38;5;86m[HTTP][0m <-- POST /wd/hub/session/6574240b-463d-468a-80e8-2f8696575104/timeouts 200 2 ms - 14
[38;5;138m[6574240b][0m[38;5;86m[HTTP][0m --> POST /wd/hub/session/6574240b-463d-468a-80e8-2f8696575104/elements {"using":"xpath","value":"/hierarchy/android.widget.FrameLayout/android.widget.LinearLayout/android.widget.FrameLayout/android.widget.LinearLayout/android.widget.FrameLayout/android.widget.RelativeLayout/android.widget.FrameLayout/android.view.ViewGroup/androidx.viewpager.widget.ViewPager/android.view.ViewGroup"}
[38;5;138m[6574240b][0m[38;5;86m[HTTP][0m <-- POST /wd/hub/session/6574240b-463d-468a-80e8-2f8696575104/elements 200 360 ms - 12
[38;5;138m[6574240b][0m[38;5;86m[HTTP][0m --> POST /wd/hub/session/6574240b-463d-468a-80e8-2f8696575104/timeouts {"implicit":0}
[38;5;138m[6574240b][0m[38;5;86m[HTTP][0m <-- POST /wd/hub/session/6574240b-463d-468a-80e8-2f8696575104/timeouts 200 5 ms - 14
[38;5;138m[6574240b][0m[38;5;86m[HTTP][0m --> POST /wd/hub/session/6574240b-463d-468a-80e8-2f8696575104/elements {"using":"xpath","value":"/hierarchy/android.widget.FrameLayout/android.widget.LinearLayout/android.widget.FrameLayout/android.widget.LinearLayout/android.widget.FrameLayout/android.widget.RelativeLayout/android.widget.FrameLayout/android.view.ViewGroup/androidx.viewpager.widget.ViewPager/android.view.ViewGroup"}
[38;5;138m[6574240b][0m[38;5;86m[HTTP][0m <-- POST /wd/hub/session/6574240b-463d-468a-80e8-2f8696575104/elements 200 434 ms - 12
[38;5;138m[6574240b][0m[38;5;86m[HTTP][0m --> POST /wd/hub/session/6574240b-463d-468a-80e8-2f8696575104/timeouts {"implicit":0}
[38;5;138m[6574240b][0m[38;5;86m[HTTP][0m <-- POST /wd/hub/session/6574240b-463d-468a-80e8-2f8696575104/timeouts 200 7 ms - 14
[38;5;138m[6574240b][0m[38;5;86m[HTTP][0m --> POST /wd/hub/session/6574240b-463d-468a-80e8-2f8696575104/elements {"using":"xpath","value":"/hierarchy/android.widget.FrameLayout/android.widget.LinearLayout/android.widget.FrameLayout/android.widget.LinearLayout/android.widget.FrameLayout/android.widget.RelativeLayout/android.widget.FrameLayout/android.view.ViewGroup/androidx.viewpager.widget.ViewPager/android.view.ViewGroup"}
[38;5;138m[6574240b][0m[38;5;86m[HTTP][0m <-- POST /wd/hub/session/6574240b-463d-468a-80e8-2f8696575104/elements 200 360 ms - 12
[38;5;138m[6574240b][0m[38;5;86m[HTTP][0m --> POST /wd/hub/session/6574240b-463d-468a-80e8-2f8696575104/timeouts {"implicit":0}
[38;5;138m[6574240b][0m[38;5;86m[HTTP][0m <-- POST /wd/hub/session/6574240b-463d-468a-80e8-2f8696575104/timeouts 200 10 ms - 14
[38;5;138m[6574240b][0m[38;5;86m[HTTP][0m --> POST /wd/hub/session/6574240b-463d-468a-80e8-2f8696575104/elements {"using":"xpath","value":"/hierarchy/android.widget.FrameLayout/android.widget.LinearLayout/android.widget.FrameLayout/android.widget.LinearLayout/android.widget.FrameLayout/android.widget.RelativeLayout/android.widget.FrameLayout/android.view.ViewGroup/androidx.viewpager.widget.ViewPager/android.view.ViewGroup"}
[38;5;138m[6574240b][0m[38;5;86m[HTTP][0m <-- POST /wd/hub/session/6574240b-463d-468a-80e8-2f8696575104/elements 200 341 ms - 12
[38;5;138m[6574240b][0m[38;5;86m[HTTP][0m --> POST /wd/hub/session/6574240b-463d-468a-80e8-2f8696575104/timeouts {"implicit":0}
[38;5;138m[6574240b][0m[38;5;86m[HTTP][0m <-- POST /wd/hub/session/6574240b-463d-468a-80e8-2f8696575104/timeouts 200 5 ms - 14
[38;5;138m[6574240b][0m[38;5;86m[HTTP][0m --> POST /wd/hub/session/6574240b-463d-468a-80e8-2f8696575104/elements {"using":"xpath","value":"/hierarchy/android.widget.FrameLayout/android.widget.LinearLayout/android.widget.FrameLayout/android.widget.LinearLayout/android.widget.FrameLayout/android.widget.RelativeLayout/android.widget.FrameLayout/android.view.ViewGroup/androidx.viewpager.widget.ViewPager/android.view.ViewGroup"}
[38;5;138m[6574240b][0m[38;5;86m[HTTP][0m <-- POST /wd/hub/session/6574240b-463d-468a-80e8-2f8696575104/elements 200 334 ms - 12
[38;5;138m[6574240b][0m[38;5;86m[HTTP][0m --> POST /wd/hub/session/6574240b-463d-468a-80e8-2f8696575104/timeouts {"implicit":0}
[38;5;138m[6574240b][0m[38;5;86m[HTTP][0m <-- POST /wd/hub/session/6574240b-463d-468a-80e8-2f8696575104/timeouts 200 4 ms - 14
[38;5;138m[6574240b][0m[38;5;86m[HTTP][0m --> POST /wd/hub/session/6574240b-463d-468a-80e8-2f8696575104/elements {"using":"xpath","value":"/hierarchy/android.widget.FrameLayout/android.widget.LinearLayout/android.widget.FrameLayout/android.widget.LinearLayout/android.widget.FrameLayout/android.widget.RelativeLayout/android.widget.FrameLayout/android.view.ViewGroup/androidx.viewpager.widget.ViewPager/android.view.ViewGroup"}
[38;5;138m[6574240b][0m[38;5;86m[HTTP][0m <-- POST /wd/hub/session/6574240b-463d-468a-80e8-2f8696575104/elements 200 330 ms - 12
[38;5;138m[6574240b][0m[38;5;86m[HTTP][0m --> POST /wd/hub/session/6574240b-463d-468a-80e8-2f8696575104/timeouts {"implicit":0}
[38;5;138m[6574240b][0m[38;5;86m[HTTP][0m <-- POST /wd/hub/session/6574240b-463d-468a-80e8-2f8696575104/timeouts 200 2 ms - 14
[38;5;138m[6574240b][0m[38;5;86m[HTTP][0m --> POST /wd/hub/session/6574240b-463d-468a-80e8-2f8696575104/elements {"using":"xpath","value":"/hierarchy/android.widget.FrameLayout/android.widget.LinearLayout/android.widget.FrameLayout/android.widget.LinearLayout/android.widget.FrameLayout/android.widget.RelativeLayout/android.widget.FrameLayout/android.view.ViewGroup/androidx.viewpager.widget.ViewPager/android.view.ViewGroup"}
[38;5;138m[6574240b][0m[38;5;86m[HTTP][0m <-- POST /wd/hub/session/6574240b-463d-468a-80e8-2f8696575104/elements 200 451 ms - 12
[38;5;138m[6574240b][0m[38;5;86m[HTTP][0m --> POST /wd/hub/session/6574240b-463d-468a-80e8-2f8696575104/timeouts {"implicit":0}
[38;5;138m[6574240b][0m[38;5;86m[HTTP][0m <-- POST /wd/hub/session/6574240b-463d-468a-80e8-2f8696575104/timeouts 200 6 ms - 14
[38;5;138m[6574240b][0m[38;5;86m[HTTP][0m --> POST /wd/hub/session/6574240b-463d-468a-80e8-2f8696575104/elements {"using":"xpath","value":"/hierarchy/android.widget.FrameLayout/android.widget.LinearLayout/android.widget.FrameLayout/android.widget.LinearLayout/android.widget.FrameLayout/android.widget.RelativeLayout/android.widget.FrameLayout/android.view.ViewGroup/androidx.viewpager.widget.ViewPager/android.view.ViewGroup"}
[38;5;138m[6574240b][0m[38;5;86m[HTTP][0m <-- POST /wd/hub/session/6574240b-463d-468a-80e8-2f8696575104/elements 200 338 ms - 12
[38;5;138m[6574240b][0m[38;5;86m[HTTP][0m --> POST /wd/hub/session/6574240b-463d-468a-80e8-2f8696575104/timeouts {"implicit":0}
[38;5;138m[6574240b][0m[38;5;86m[HTTP][0m <-- POST /wd/hub/session/6574240b-463d-468a-80e8-2f8696575104/timeouts 200 9 ms - 14
[38;5;138m[6574240b][0m[38;5;86m[HTTP][0m --> POST /wd/hub/session/6574240b-463d-468a-80e8-2f8696575104/elements {"using":"xpath","value":"/hierarchy/android.widget.FrameLayout/android.widget.LinearLayout/android.widget.FrameLayout/android.widget.LinearLayout/android.widget.FrameLayout/android.widget.RelativeLayout/android.widget.FrameLayout/android.view.ViewGroup/androidx.viewpager.widget.ViewPager/android.view.ViewGroup"}
[38;5;138m[6574240b][0m[38;5;86m[HTTP][0m <-- POST /wd/hub/session/6574240b-463d-468a-80e8-2f8696575104/elements 200 343 ms - 12
[38;5;138m[6574240b][0m[38;5;86m[HTTP][0m --> POST /wd/hub/session/6574240b-463d-468a-80e8-2f8696575104/timeouts {"implicit":0}
[38;5;138m[6574240b][0m[38;5;86m[HTTP][0m <-- POST /wd/hub/session/6574240b-463d-468a-80e8-2f8696575104/timeouts 200 4 ms - 14
[38;5;138m[6574240b][0m[38;5;86m[HTTP][0m --> POST /wd/hub/session/6574240b-463d-468a-80e8-2f8696575104/elements {"using":"xpath","value":"/hierarchy/android.widget.FrameLayout/android.widget.LinearLayout/android.widget.FrameLayout/android.widget.LinearLayout/android.widget.FrameLayout/android.widget.RelativeLayout/android.widget.FrameLayout/android.view.ViewGroup/androidx.viewpager.widget.ViewPager/android.view.ViewGroup"}
[38;5;138m[6574240b][0m[38;5;86m[HTTP][0m <-- POST /wd/hub/session/6574240b-463d-468a-80e8-2f8696575104/elements 200 362 ms - 12
[38;5;138m[6574240b][0m[38;5;86m[HTTP][0m --> POST /wd/hub/session/6574240b-463d-468a-80e8-2f8696575104/timeouts {"implicit":0}
[38;5;138m[6574240b][0m[38;5;86m[HTTP][0m <-- POST /wd/hub/session/6574240b-463d-468a-80e8-2f8696575104/timeouts 200 4 ms - 14
[38;5;138m[6574240b][0m[38;5;86m[HTTP][0m --> POST /wd/hub/session/6574240b-463d-468a-80e8-2f8696575104/elements {"using":"xpath","value":"/hierarchy/android.widget.FrameLayout/android.widget.LinearLayout/android.widget.FrameLayout/android.widget.LinearLayout/android.widget.FrameLayout/android.widget.RelativeLayout/android.widget.FrameLayout/android.view.ViewGroup/androidx.viewpager.widget.ViewPager/android.view.ViewGroup"}
[38;5;138m[6574240b][0m[38;5;86m[HTTP][0m <-- POST /wd/hub/session/6574240b-463d-468a-80e8-2f8696575104/elements 200 335 ms - 12
[38;5;138m[6574240b][0m[38;5;86m[HTTP][0m --> POST /wd/hub/session/6574240b-463d-468a-80e8-2f8696575104/timeouts {"implicit":0}
[38;5;138m[6574240b][0m[38;5;86m[HTTP][0m <-- POST /wd/hub/session/6574240b-463d-468a-80e8-2f8696575104/timeouts 200 4 ms - 14
[38;5;138m[6574240b][0m[38;5;86m[HTTP][0m --> POST /wd/hub/session/6574240b-463d-468a-80e8-2f8696575104/elements {"using":"xpath","value":"/hierarchy/android.widget.FrameLayout/android.widget.LinearLayout/android.widget.FrameLayout/android.widget.LinearLayout/android.widget.FrameLayout/android.widget.RelativeLayout/android.widget.FrameLayout/android.view.ViewGroup/androidx.viewpager.widget.ViewPager/android.view.ViewGroup"}
[38;5;138m[6574240b][0m[38;5;86m[HTTP][0m <-- POST /wd/hub/session/6574240b-463d-468a-80e8-2f8696575104/elements 200 427 ms - 12
[38;5;138m[6574240b][0m[38;5;86m[HTTP][0m --> POST /wd/hub/session/6574240b-463d-468a-80e8-2f8696575104/timeouts {"implicit":0}
[38;5;138m[6574240b][0m[38;5;86m[HTTP][0m <-- POST /wd/hub/session/6574240b-463d-468a-80e8-2f8696575104/timeouts 200 3 ms - 14
[38;5;138m[6574240b][0m[38;5;86m[HTTP][0m --> POST /wd/hub/session/6574240b-463d-468a-80e8-2f8696575104/elements {"using":"xpath","value":"/hierarchy/android.widget.FrameLayout/android.widget.LinearLayout/android.widget.FrameLayout/android.widget.LinearLayout/android.widget.FrameLayout/android.widget.RelativeLayout/android.widget.FrameLayout/android.view.ViewGroup/androidx.viewpager.widget.ViewPager/android.view.ViewGroup"}
[38;5;138m[6574240b][0m[38;5;86m[HTTP][0m <-- POST /wd/hub/session/6574240b-463d-468a-80e8-2f8696575104/elements 200 345 ms - 12
[38;5;138m[6574240b][0m[38;5;86m[HTTP][0m --> POST /wd/hub/session/6574240b-463d-468a-80e8-2f8696575104/timeouts {"implicit":0}
[38;5;138m[6574240b][0m[38;5;86m[HTTP][0m <-- POST /wd/hub/session/6574240b-463d-468a-80e8-2f8696575104/timeouts 200 4 ms - 14
[38;5;138m[6574240b][0m[38;5;86m[HTTP][0m --> POST /wd/hub/session/6574240b-463d-468a-80e8-2f8696575104/elements {"using":"xpath","value":"/hierarchy/android.widget.FrameLayout/android.widget.LinearLayout/android.widget.FrameLayout/android.widget.LinearLayout/android.widget.FrameLayout/android.widget.RelativeLayout/android.widget.FrameLayout/android.view.ViewGroup/androidx.viewpager.widget.ViewPager/android.view.ViewGroup"}
[38;5;138m[6574240b][0m[38;5;86m[HTTP][0m <-- POST /wd/hub/session/6574240b-463d-468a-80e8-2f8696575104/elements 200 327 ms - 12
[38;5;138m[6574240b][0m[38;5;86m[HTTP][0m --> POST /wd/hub/session/6574240b-463d-468a-80e8-2f8696575104/timeouts {"implicit":0}
[38;5;138m[6574240b][0m[38;5;86m[HTTP][0m <-- POST /wd/hub/session/6574240b-463d-468a-80e8-2f8696575104/timeouts 200 8 ms - 14
[38;5;138m[6574240b][0m[38;5;86m[HTTP][0m --> POST /wd/hub/session/6574240b-463d-468a-80e8-2f8696575104/elements {"using":"xpath","value":"/hierarchy/android.widget.FrameLayout/android.widget.LinearLayout/android.widget.FrameLayout/android.widget.LinearLayout/android.widget.FrameLayout/android.widget.RelativeLayout/android.widget.FrameLayout/android.view.ViewGroup/androidx.viewpager.widget.ViewPager/android.view.ViewGroup"}
[38;5;138m[6574240b][0m[38;5;86m[HTTP][0m <-- POST /wd/hub/session/6574240b-463d-468a-80e8-2f8696575104/elements 200 338 ms - 12
[38;5;138m[6574240b][0m[38;5;86m[HTTP][0m --> POST /wd/hub/session/6574240b-463d-468a-80e8-2f8696575104/timeouts {"implicit":0}
[38;5;138m[6574240b][0m[38;5;86m[HTTP][0m <-- POST /wd/hub/session/6574240b-463d-468a-80e8-2f8696575104/timeouts 200 4 ms - 14
[38;5;138m[6574240b][0m[38;5;86m[HTTP][0m --> POST /wd/hub/session/6574240b-463d-468a-80e8-2f8696575104/elements {"using":"xpath","value":"/hierarchy/android.widget.FrameLayout/android.widget.LinearLayout/android.widget.FrameLayout/android.widget.LinearLayout/android.widget.FrameLayout/android.widget.RelativeLayout/android.widget.FrameLayout/android.view.ViewGroup/androidx.viewpager.widget.ViewPager/android.view.ViewGroup"}
[38;5;138m[6574240b][0m[38;5;86m[HTTP][0m <-- POST /wd/hub/session/6574240b-463d-468a-80e8-2f8696575104/elements 200 317 ms - 12
[38;5;138m[6574240b][0m[38;5;86m[HTTP][0m --> POST /wd/hub/session/6574240b-463d-468a-80e8-2f8696575104/timeouts {"implicit":0}
[38;5;138m[6574240b][0m[38;5;86m[HTTP][0m <-- POST /wd/hub/session/6574240b-463d-468a-80e8-2f8696575104/timeouts 200 8 ms - 14
[38;5;138m[6574240b][0m[38;5;86m[HTTP][0m --> POST /wd/hub/session/6574240b-463d-468a-80e8-2f8696575104/elements {"using":"xpath","value":"/hierarchy/android.widget.FrameLayout/android.widget.LinearLayout/android.widget.FrameLayout/android.widget.LinearLayout/android.widget.FrameLayout/android.widget.RelativeLayout/android.widget.FrameLayout/android.view.ViewGroup/androidx.viewpager.widget.ViewPager/android.view.ViewGroup"}
[38;5;138m[6574240b][0m[38;5;86m[HTTP][0m <-- POST /wd/hub/session/6574240b-463d-468a-80e8-2f8696575104/elements 200 481 ms - 12
[38;5;138m[6574240b][0m[38;5;86m[HTTP][0m --> POST /wd/hub/session/6574240b-463d-468a-80e8-2f8696575104/timeouts {"implicit":0}
[38;5;138m[6574240b][0m[38;5;86m[HTTP][0m <-- POST /wd/hub/session/6574240b-463d-468a-80e8-2f8696575104/timeouts 200 6 ms - 14
[38;5;138m[6574240b][0m[38;5;86m[HTTP][0m --> POST /wd/hub/session/6574240b-463d-468a-80e8-2f8696575104/elements {"using":"xpath","value":"/hierarchy/android.widget.FrameLayout/android.widget.LinearLayout/android.widget.FrameLayout/android.widget.LinearLayout/android.widget.FrameLayout/android.widget.RelativeLayout/android.widget.FrameLayout/android.view.ViewGroup/androidx.viewpager.widget.ViewPager/android.view.ViewGroup"}
[38;5;138m[6574240b][0m[38;5;86m[HTTP][0m <-- POST /wd/hub/session/6574240b-463d-468a-80e8-2f8696575104/elements 200 318 ms - 12
[38;5;138m[6574240b][0m[38;5;86m[HTTP][0m --> POST /wd/hub/session/6574240b-463d-468a-80e8-2f8696575104/timeouts {"implicit":0}
[38;5;138m[6574240b][0m[38;5;86m[HTTP][0m <-- POST /wd/hub/session/6574240b-463d-468a-80e8-2f8696575104/timeouts 200 2 ms - 14
[38;5;138m[6574240b][0m[38;5;86m[HTTP][0m --> POST /wd/hub/session/6574240b-463d-468a-80e8-2f8696575104/elements {"using":"xpath","value":"/hierarchy/android.widget.FrameLayout/android.widget.LinearLayout/android.widget.FrameLayout/android.widget.LinearLayout/android.widget.FrameLayout/android.widget.RelativeLayout/android.widget.FrameLayout/android.view.ViewGroup/androidx.viewpager.widget.ViewPager/android.view.ViewGroup"}
[38;5;138m[6574240b][0m[38;5;86m[HTTP][0m <-- POST /wd/hub/session/6574240b-463d-468a-80e8-2f8696575104/elements 200 284 ms - 12
[38;5;138m[6574240b][0m[38;5;86m[HTTP][0m --> POST /wd/hub/session/6574240b-463d-468a-80e8-2f8696575104/timeouts {"implicit":0}
[38;5;138m[6574240b][0m[38;5;86m[HTTP][0m <-- POST /wd/hub/session/6574240b-463d-468a-80e8-2f8696575104/timeouts 200 4 ms - 14
[38;5;138m[6574240b][0m[38;5;86m[HTTP][0m --> POST /wd/hub/session/6574240b-463d-468a-80e8-2f8696575104/elements {"using":"xpath","value":"/hierarchy/android.widget.FrameLayout/android.widget.LinearLayout/android.widget.FrameLayout/android.widget.LinearLayout/android.widget.FrameLayout/android.widget.RelativeLayout/android.widget.FrameLayout/android.view.ViewGroup/androidx.viewpager.widget.ViewPager/android.view.ViewGroup"}
[38;5;138m[6574240b][0m[38;5;86m[HTTP][0m <-- POST /wd/hub/session/6574240b-463d-468a-80e8-2f8696575104/elements 200 332 ms - 12
[38;5;138m[6574240b][0m[38;5;86m[HTTP][0m --> POST /wd/hub/session/6574240b-463d-468a-80e8-2f8696575104/timeouts {"implicit":0}
[38;5;138m[6574240b][0m[38;5;86m[HTTP][0m <-- POST /wd/hub/session/6574240b-463d-468a-80e8-2f8696575104/timeouts 200 3 ms - 14
[38;5;138m[6574240b][0m[38;5;86m[HTTP][0m --> POST /wd/hub/session/6574240b-463d-468a-80e8-2f8696575104/elements {"using":"xpath","value":"/hierarchy/android.widget.FrameLayout/android.widget.LinearLayout/android.widget.FrameLayout/android.widget.LinearLayout/android.widget.FrameLayout/android.widget.RelativeLayout/android.widget.FrameLayout/android.view.ViewGroup/androidx.viewpager.widget.ViewPager/android.view.ViewGroup"}
[38;5;138m[6574240b][0m[38;5;86m[HTTP][0m <-- POST /wd/hub/session/6574240b-463d-468a-80e8-2f8696575104/elements 200 344 ms - 12
[38;5;138m[6574240b][0m[38;5;86m[HTTP][0m --> POST /wd/hub/session/6574240b-463d-468a-80e8-2f8696575104/timeouts {"implicit":0}
[38;5;138m[6574240b][0m[38;5;86m[HTTP][0m <-- POST /wd/hub/session/6574240b-463d-468a-80e8-2f8696575104/timeouts 200 7 ms - 14
[38;5;138m[6574240b][0m[38;5;86m[HTTP][0m --> POST /wd/hub/session/6574240b-463d-468a-80e8-2f8696575104/elements {"using":"xpath","value":"/hierarchy/android.widget.FrameLayout/android.widget.LinearLayout/android.widget.FrameLayout/android.widget.LinearLayout/android.widget.FrameLayout/android.widget.RelativeLayout/android.widget.FrameLayout/android.view.ViewGroup/androidx.viewpager.widget.ViewPager/android.view.ViewGroup"}
[38;5;138m[6574240b][0m[38;5;86m[HTTP][0m <-- POST /wd/hub/session/6574240b-463d-468a-80e8-2f8696575104/elements - - ms - -
[38;5;138m[6574240b][0m[38;5;86m[HTTP][0m --> GET /wd/hub/session/6574240b-463d-468a-80e8-2f8696575104/screenshot 
[38;5;138m[6574240b][0m[38;5;86m[HTTP][0m --> GET /wd/hub/session/6574240b-463d-468a-80e8-2f8696575104/source 
[38;5;138m[6574240b][0m[38;5;-38m[AndroidUiautomator2Driver@f1f0][0m Driver proxy active, passing request on via HTTP proxy
[38;5;86m[HTTP][0m <-- GET /wd/hub/session/6574240b-463d-468a-80e8-2f8696575104/screenshot 200 2267 ms - 1622260
[38;5;138m[6574240b][0m[38;5;-38m[AndroidUiautomator2Driver@f1f0][0m Replacing sessionId 8de0f49c-56d3-4c2b-b7bf-0c0d011efe55 with 6574240b-463d-468a-80e8-2f8696575104
[38;5;86m[HTTP][0m <-- GET /wd/hub/session/6574240b-463d-468a-80e8-2f8696575104/source 200 3713 ms - 92408
[38;5;138m[6574240b][0m[38;5;86m[HTTP][0m --> GET /wd/hub/session/6574240b-463d-468a-80e8-2f8696575104/timeouts 
[38;5;138m[6574240b][0m[38;5;86m[HTTP][0m <-- GET /wd/hub/session/6574240b-463d-468a-80e8-2f8696575104/timeouts 200 2 ms - 42
[38;5;138m[6574240b][0m[38;5;86m[HTTP][0m --> POST /wd/hub/session/6574240b-463d-468a-80e8-2f8696575104/timeouts {"implicit":0}
[38;5;138m[6574240b][0m[38;5;86m[HTTP][0m <-- POST /wd/hub/session/6574240b-463d-468a-80e8-2f8696575104/timeouts 200 2 ms - 14
[38;5;138m[6574240b][0m[38;5;86m[HTTP][0m --> POST /wd/hub/session/6574240b-463d-468a-80e8-2f8696575104/elements {"using":"xpath","value":"/hierarchy/android.widget.FrameLayout/android.widget.LinearLayout/android.widget.FrameLayout/android.widget.LinearLayout/android.widget.FrameLayout/android.widget.RelativeLayout/android.widget.FrameLayout[1]/android.widget.LinearLayout/android.view.ViewGroup[1]/android.widget.RelativeLayout/android.widget.ImageView"}
[38;5;138m[6574240b][0m[38;5;86m[HTTP][0m <-- POST /wd/hub/session/6574240b-463d-468a-80e8-2f8696575104/elements 200 341 ms - 139
[38;5;138m[6574240b][0m[38;5;86m[HTTP][0m --> POST /wd/hub/session/6574240b-463d-468a-80e8-2f8696575104/timeouts {"implicit":0}
[38;5;138m[6574240b][0m[38;5;86m[HTTP][0m <-- POST /wd/hub/session/6574240b-463d-468a-80e8-2f8696575104/timeouts 200 3 ms - 14
[38;5;138m[6574240b][0m[38;5;86m[HTTP][0m --> POST /wd/hub/session/6574240b-463d-468a-80e8-2f8696575104/element/00000000-0000-0570-ffff-ffff0000005f/click {"id":"00000000-0000-0570-ffff-ffff0000005f"}
[38;5;138m[6574240b][0m[38;5;86m[HTTP][0m <-- POST /wd/hub/session/6574240b-463d-468a-80e8-2f8696575104/element/00000000-0000-0570-ffff-ffff0000005f/click 200 178 ms - 14
[38;5;138m[6574240b][0m[38;5;86m[HTTP][0m --> GET /wd/hub/session/6574240b-463d-468a-80e8-2f8696575104/screenshot 
[38;5;138m[6574240b][0m[38;5;86m[HTTP][0m --> GET /wd/hub/session/6574240b-463d-468a-80e8-2f8696575104/source 
[38;5;138m[6574240b][0m[38;5;-38m[AndroidUiautomator2Driver@f1f0][0m Driver proxy active, passing request on via HTTP proxy
[38;5;138m[6574240b][0m[38;5;86m[HTTP][0m <-- GET /wd/hub/session/6574240b-463d-468a-80e8-2f8696575104/screenshot 200 900 ms - 116800
[38;5;138m[6574240b][0m[38;5;-38m[AndroidUiautomator2Driver@f1f0][0m Replacing sessionId 8de0f49c-56d3-4c2b-b7bf-0c0d011efe55 with 6574240b-463d-468a-80e8-2f8696575104
[38;5;138m[6574240b][0m[38;5;86m[HTTP][0m <-- GET /wd/hub/session/6574240b-463d-468a-80e8-2f8696575104/source 200 1219 ms - 30629
[38;5;138m[6574240b][0m[38;5;86m[HTTP][0m --> GET /wd/hub/session/6574240b-463d-468a-80e8-2f8696575104/source 
[38;5;138m[6574240b][0m[38;5;-38m[AndroidUiautomator2Driver@f1f0][0m Driver proxy active, passing request on via HTTP proxy
[38;5;138m[6574240b][0m[38;5;86m[HTTP][0m --> GET /wd/hub/session/6574240b-463d-468a-80e8-2f8696575104/screenshot 
[38;5;138m[6574240b][0m[38;5;-38m[AndroidUiautomator2Driver@f1f0][0m Replacing sessionId 8de0f49c-56d3-4c2b-b7bf-0c0d011efe55 with 6574240b-463d-468a-80e8-2f8696575104
[38;5;138m[6574240b][0m[38;5;86m[HTTP][0m <-- GET /wd/hub/session/6574240b-463d-468a-80e8-2f8696575104/source 200 379 ms - 30629
[38;5;138m[6574240b][0m[38;5;86m[HTTP][0m <-- GET /wd/hub/session/6574240b-463d-468a-80e8-2f8696575104/screenshot 200 1214 ms - 116760
[38;5;138m[6574240b][0m[38;5;86m[HTTP][0m --> GET /wd/hub/session/6574240b-463d-468a-80e8-2f8696575104/timeouts 
[38;5;138m[6574240b][0m[38;5;86m[HTTP][0m <-- GET /wd/hub/session/6574240b-463d-468a-80e8-2f8696575104/timeouts 200 2 ms - 42
[38;5;138m[6574240b][0m[38;5;86m[HTTP][0m --> POST /wd/hub/session/6574240b-463d-468a-80e8-2f8696575104/timeouts {"implicit":0}
[38;5;138m[6574240b][0m[38;5;86m[HTTP][0m <-- POST /wd/hub/session/6574240b-463d-468a-80e8-2f8696575104/timeouts 200 3 ms - 14
[38;5;138m[6574240b][0m[38;5;86m[HTTP][0m --> POST /wd/hub/session/6574240b-463d-468a-80e8-2f8696575104/elements {"using":"xpath","value":"/hierarchy/android.widget.FrameLayout/android.widget.LinearLayout/android.widget.FrameLayout/android.widget.LinearLayout/android.widget.FrameLayout/android.widget.RelativeLayout/android.widget.FrameLayout/android.widget.ScrollView/android.view.ViewGroup/android.widget.Button"}
[38;5;138m[6574240b][0m[38;5;86m[HTTP][0m <-- POST /wd/hub/session/6574240b-463d-468a-80e8-2f8696575104/elements 200 535 ms - 139
[38;5;138m[6574240b][0m[38;5;86m[HTTP][0m --> POST /wd/hub/session/6574240b-463d-468a-80e8-2f8696575104/timeouts {"implicit":0}
[38;5;138m[6574240b][0m[38;5;86m[HTTP][0m <-- POST /wd/hub/session/6574240b-463d-468a-80e8-2f8696575104/timeouts 200 6 ms - 14
[38;5;138m[6574240b][0m[38;5;86m[HTTP][0m --> POST /wd/hub/session/6574240b-463d-468a-80e8-2f8696575104/element/00000000-0000-0570-ffff-ffff000002ae/click {"id":"00000000-0000-0570-ffff-ffff000002ae"}
[38;5;138m[6574240b][0m[38;5;86m[HTTP][0m <-- POST /wd/hub/session/6574240b-463d-468a-80e8-2f8696575104/element/00000000-0000-0570-ffff-ffff000002ae/click 200 138 ms - 14
[38;5;138m[6574240b][0m[38;5;86m[HTTP][0m --> GET /wd/hub/session/6574240b-463d-468a-80e8-2f8696575104/source 
[38;5;138m[6574240b][0m[38;5;-38m[AndroidUiautomator2Driver@f1f0][0m Driver proxy active, passing request on via HTTP proxy
[38;5;138m[6574240b][0m[38;5;86m[HTTP][0m --> GET /wd/hub/session/6574240b-463d-468a-80e8-2f8696575104/screenshot 
[38;5;138m[6574240b][0m[38;5;-38m[AndroidUiautomator2Driver@f1f0][0m Replacing sessionId 8de0f49c-56d3-4c2b-b7bf-0c0d011efe55 with 6574240b-463d-468a-80e8-2f8696575104
[38;5;138m[6574240b][0m[38;5;86m[HTTP][0m <-- GET /wd/hub/session/6574240b-463d-468a-80e8-2f8696575104/source 200 652 ms - 19046
[38;5;138m[6574240b][0m[38;5;86m[HTTP][0m <-- GET /wd/hub/session/6574240b-463d-468a-80e8-2f8696575104/screenshot 200 1519 ms - 70532
[38;5;138m[6574240b][0m[38;5;86m[HTTP][0m --> GET /wd/hub/session/6574240b-463d-468a-80e8-2f8696575104/source 
[38;5;138m[6574240b][0m[38;5;-38m[AndroidUiautomator2Driver@f1f0][0m Driver proxy active, passing request on via HTTP proxy
[38;5;138m[6574240b][0m[38;5;86m[HTTP][0m --> GET /wd/hub/session/6574240b-463d-468a-80e8-2f8696575104/screenshot 
[38;5;138m[6574240b][0m[38;5;-38m[AndroidUiautomator2Driver@f1f0][0m Replacing sessionId 8de0f49c-56d3-4c2b-b7bf-0c0d011efe55 with 6574240b-463d-468a-80e8-2f8696575104
[38;5;138m[6574240b][0m[38;5;86m[HTTP][0m <-- GET /wd/hub/session/6574240b-463d-468a-80e8-2f8696575104/source 200 790 ms - 19046
[38;5;138m[6574240b][0m[38;5;86m[HTTP][0m <-- GET /wd/hub/session/6574240b-463d-468a-80e8-2f8696575104/screenshot 200 1596 ms - 70352
[38;5;138m[6574240b][0m[38;5;86m[HTTP][0m --> GET /wd/hub/session/6574240b-463d-468a-80e8-2f8696575104/timeouts 
[38;5;138m[6574240b][0m[38;5;86m[HTTP][0m <-- GET /wd/hub/session/6574240b-463d-468a-80e8-2f8696575104/timeouts 200 8 ms - 42
[38;5;138m[6574240b][0m[38;5;86m[HTTP][0m --> POST /wd/hub/session/6574240b-463d-468a-80e8-2f8696575104/timeouts {"implicit":0}
[38;5;138m[6574240b][0m[38;5;86m[HTTP][0m <-- POST /wd/hub/session/6574240b-463d-468a-80e8-2f8696575104/timeouts 200 3 ms - 14
[38;5;138m[6574240b][0m[38;5;86m[HTTP][0m --> POST /wd/hub/session/6574240b-463d-468a-80e8-2f8696575104/elements {"using":"xpath","value":"/hierarchy/android.widget.FrameLayout/android.widget.LinearLayout/android.widget.FrameLayout/android.widget.LinearLayout/android.widget.FrameLayout/android.widget.RelativeLayout/android.widget.FrameLayout/android.view.ViewGroup/android.widget.FrameLayout/android.widget.LinearLayout/android.widget.LinearLayout[1]/android.widget.Button"}
[38;5;138m[6574240b][0m[38;5;86m[HTTP][0m <-- POST /wd/hub/session/6574240b-463d-468a-80e8-2f8696575104/elements 200 197 ms - 139
[38;5;138m[6574240b][0m[38;5;86m[HTTP][0m --> POST /wd/hub/session/6574240b-463d-468a-80e8-2f8696575104/timeouts {"implicit":0}
[38;5;138m[6574240b][0m[38;5;86m[HTTP][0m <-- POST /wd/hub/session/6574240b-463d-468a-80e8-2f8696575104/timeouts 200 2 ms - 14
[38;5;138m[6574240b][0m[38;5;86m[HTTP][0m --> POST /wd/hub/session/6574240b-463d-468a-80e8-2f8696575104/element/00000000-0000-0570-ffff-ffff000002ea/click {"id":"00000000-0000-0570-ffff-ffff000002ea"}
[38;5;138m[6574240b][0m[38;5;86m[HTTP][0m <-- POST /wd/hub/session/6574240b-463d-468a-80e8-2f8696575104/element/00000000-0000-0570-ffff-ffff000002ea/click 200 106 ms - 14
[38;5;138m[6574240b][0m[38;5;86m[HTTP][0m --> GET /wd/hub/session/6574240b-463d-468a-80e8-2f8696575104/source 
[38;5;138m[6574240b][0m[38;5;-38m[AndroidUiautomator2Driver@f1f0][0m Driver proxy active, passing request on via HTTP proxy
[38;5;138m[6574240b][0m[38;5;86m[HTTP][0m --> GET /wd/hub/session/6574240b-463d-468a-80e8-2f8696575104/screenshot 
[38;5;138m[6574240b][0m[38;5;-38m[AndroidUiautomator2Driver@f1f0][0m Replacing sessionId 8de0f49c-56d3-4c2b-b7bf-0c0d011efe55 with 6574240b-463d-468a-80e8-2f8696575104
[38;5;138m[6574240b][0m[38;5;86m[HTTP][0m <-- GET /wd/hub/session/6574240b-463d-468a-80e8-2f8696575104/source 200 871 ms - 21229
[38;5;138m[6574240b][0m[38;5;86m[HTTP][0m <-- GET /wd/hub/session/6574240b-463d-468a-80e8-2f8696575104/screenshot 200 1722 ms - 83748
[38;5;138m[6574240b][0m[38;5;86m[HTTP][0m --> GET /wd/hub/session/6574240b-463d-468a-80e8-2f8696575104/screenshot 
[38;5;138m[6574240b][0m[38;5;86m[HTTP][0m --> GET /wd/hub/session/6574240b-463d-468a-80e8-2f8696575104/source 
[38;5;138m[6574240b][0m[38;5;-38m[AndroidUiautomator2Driver@f1f0][0m Driver proxy active, passing request on via HTTP proxy
[38;5;138m[6574240b][0m[38;5;86m[HTTP][0m <-- GET /wd/hub/session/6574240b-463d-468a-80e8-2f8696575104/screenshot 200 894 ms - 83748
[38;5;138m[6574240b][0m[38;5;-38m[AndroidUiautomator2Driver@f1f0][0m Replacing sessionId 8de0f49c-56d3-4c2b-b7bf-0c0d011efe55 with 6574240b-463d-468a-80e8-2f8696575104
[38;5;138m[6574240b][0m[38;5;86m[HTTP][0m <-- GET /wd/hub/session/6574240b-463d-468a-80e8-2f8696575104/source 200 1157 ms - 19046
[38;5;138m[6574240b][0m[38;5;86m[HTTP][0m --> GET /wd/hub/session/6574240b-463d-468a-80e8-2f8696575104/timeouts 
[38;5;138m[6574240b][0m[38;5;86m[HTTP][0m <-- GET /wd/hub/session/6574240b-463d-468a-80e8-2f8696575104/timeouts 200 2 ms - 42
[38;5;138m[6574240b][0m[38;5;86m[HTTP][0m --> POST /wd/hub/session/6574240b-463d-468a-80e8-2f8696575104/timeouts {"implicit":0}
[38;5;138m[6574240b][0m[38;5;86m[HTTP][0m <-- POST /wd/hub/session/6574240b-463d-468a-80e8-2f8696575104/timeouts 200 3 ms - 14
[38;5;138m[6574240b][0m[38;5;86m[HTTP][0m --> POST /wd/hub/session/6574240b-463d-468a-80e8-2f8696575104/elements {"using":"xpath","value":"/hierarchy/android.widget.FrameLayout/android.widget.LinearLayout/android.widget.FrameLayout/android.widget.LinearLayout/android.widget.FrameLayout/android.widget.RelativeLayout/android.widget.FrameLayout/android.view.ViewGroup/android.widget.FrameLayout/android.widget.LinearLayout/android.widget.LinearLayout[3]/android.widget.CheckBox"}
[38;5;138m[6574240b][0m[38;5;86m[HTTP][0m <-- POST /wd/hub/session/6574240b-463d-468a-80e8-2f8696575104/elements 200 166 ms - 139
[38;5;138m[6574240b][0m[38;5;86m[HTTP][0m --> POST /wd/hub/session/6574240b-463d-468a-80e8-2f8696575104/timeouts {"implicit":0}
[38;5;138m[6574240b][0m[38;5;86m[HTTP][0m <-- POST /wd/hub/session/6574240b-463d-468a-80e8-2f8696575104/timeouts 200 2 ms - 14
[38;5;138m[6574240b][0m[38;5;86m[HTTP][0m --> POST /wd/hub/session/6574240b-463d-468a-80e8-2f8696575104/element/00000000-0000-0570-ffff-ffff000002f6/click {"id":"00000000-0000-0570-ffff-ffff000002f6"}
[38;5;138m[6574240b][0m[38;5;86m[HTTP][0m <-- POST /wd/hub/session/6574240b-463d-468a-80e8-2f8696575104/element/00000000-0000-0570-ffff-ffff000002f6/click 200 532 ms - 14
[38;5;138m[6574240b][0m[38;5;86m[HTTP][0m --> GET /wd/hub/session/6574240b-463d-468a-80e8-2f8696575104/source 
[38;5;138m[6574240b][0m[38;5;-38m[AndroidUiautomator2Driver@f1f0][0m Driver proxy active, passing request on via HTTP proxy
[38;5;138m[6574240b][0m[38;5;86m[HTTP][0m --> GET /wd/hub/session/6574240b-463d-468a-80e8-2f8696575104/screenshot 
[38;5;138m[6574240b][0m[38;5;-38m[AndroidUiautomator2Driver@f1f0][0m Replacing sessionId 8de0f49c-56d3-4c2b-b7bf-0c0d011efe55 with 6574240b-463d-468a-80e8-2f8696575104
[38;5;138m[6574240b][0m[38;5;86m[HTTP][0m <-- GET /wd/hub/session/6574240b-463d-468a-80e8-2f8696575104/source 200 505 ms - 19045
[38;5;138m[6574240b][0m[38;5;86m[HTTP][0m <-- GET /wd/hub/session/6574240b-463d-468a-80e8-2f8696575104/screenshot 200 1387 ms - 70720
[38;5;138m[6574240b][0m[38;5;86m[HTTP][0m --> GET /wd/hub/session/6574240b-463d-468a-80e8-2f8696575104/source 
[38;5;138m[6574240b][0m[38;5;-38m[AndroidUiautomator2Driver@f1f0][0m Driver proxy active, passing request on via HTTP proxy
[38;5;138m[6574240b][0m[38;5;86m[HTTP][0m --> GET /wd/hub/session/6574240b-463d-468a-80e8-2f8696575104/screenshot 
[38;5;138m[6574240b][0m[38;5;-38m[AndroidUiautomator2Driver@f1f0][0m Replacing sessionId 8de0f49c-56d3-4c2b-b7bf-0c0d011efe55 with 6574240b-463d-468a-80e8-2f8696575104
[38;5;138m[6574240b][0m[38;5;86m[HTTP][0m <-- GET /wd/hub/session/6574240b-463d-468a-80e8-2f8696575104/source 200 250 ms - 19045
[38;5;138m[6574240b][0m[38;5;86m[HTTP][0m <-- GET /wd/hub/session/6574240b-463d-468a-80e8-2f8696575104/screenshot 200 1101 ms - 70756
[38;5;138m[6574240b][0m[38;5;86m[HTTP][0m --> GET /wd/hub/session/6574240b-463d-468a-80e8-2f8696575104/timeouts 
[38;5;138m[6574240b][0m[38;5;86m[HTTP][0m <-- GET /wd/hub/session/6574240b-463d-468a-80e8-2f8696575104/timeouts 200 2 ms - 42
[38;5;138m[6574240b][0m[38;5;86m[HTTP][0m --> POST /wd/hub/session/6574240b-463d-468a-80e8-2f8696575104/timeouts {"implicit":0}
[38;5;138m[6574240b][0m[38;5;86m[HTTP][0m <-- POST /wd/hub/session/6574240b-463d-468a-80e8-2f8696575104/timeouts 200 2 ms - 14
[38;5;138m[6574240b][0m[38;5;86m[HTTP][0m --> POST /wd/hub/session/6574240b-463d-468a-80e8-2f8696575104/elements {"using":"xpath","value":"/hierarchy/android.widget.FrameLayout/android.widget.LinearLayout/android.widget.FrameLayout/android.widget.LinearLayout/android.widget.FrameLayout/android.widget.RelativeLayout/android.widget.FrameLayout/android.view.ViewGroup/android.widget.FrameLayout/android.widget.LinearLayout/android.widget.LinearLayout[1]/android.widget.Button"}
[38;5;138m[6574240b][0m[38;5;86m[HTTP][0m <-- POST /wd/hub/session/6574240b-463d-468a-80e8-2f8696575104/elements 200 185 ms - 139
[38;5;138m[6574240b][0m[38;5;86m[HTTP][0m --> POST /wd/hub/session/6574240b-463d-468a-80e8-2f8696575104/timeouts {"implicit":0}
[38;5;138m[6574240b][0m[38;5;86m[HTTP][0m <-- POST /wd/hub/session/6574240b-463d-468a-80e8-2f8696575104/timeouts 200 4 ms - 14
[38;5;138m[6574240b][0m[38;5;86m[HTTP][0m --> POST /wd/hub/session/6574240b-463d-468a-80e8-2f8696575104/element/00000000-0000-0570-ffff-ffff000002ea/click {"id":"00000000-0000-0570-ffff-ffff000002ea"}
[38;5;138m[6574240b][0m[38;5;86m[HTTP][0m <-- POST /wd/hub/session/6574240b-463d-468a-80e8-2f8696575104/element/00000000-0000-0570-ffff-ffff000002ea/click 200 140 ms - 14
[38;5;138m[6574240b][0m[38;5;86m[HTTP][0m --> GET /wd/hub/session/6574240b-463d-468a-80e8-2f8696575104/source 
[38;5;138m[6574240b][0m[38;5;-38m[AndroidUiautomator2Driver@f1f0][0m Driver proxy active, passing request on via HTTP proxy
[38;5;138m[6574240b][0m[38;5;86m[HTTP][0m --> GET /wd/hub/session/6574240b-463d-468a-80e8-2f8696575104/screenshot 
[38;5;138m[6574240b][0m[38;5;-38m[AndroidUiautomator2Driver@f1f0][0m Replacing sessionId 8de0f49c-56d3-4c2b-b7bf-0c0d011efe55 with 6574240b-463d-468a-80e8-2f8696575104
[38;5;138m[6574240b][0m[38;5;86m[HTTP][0m <-- GET /wd/hub/session/6574240b-463d-468a-80e8-2f8696575104/source 200 715 ms - 2223
[38;5;138m[6574240b][0m[38;5;86m[HTTP][0m <-- GET /wd/hub/session/6574240b-463d-468a-80e8-2f8696575104/screenshot 200 1468 ms - 67936
[38;5;138m[6574240b][0m[38;5;86m[HTTP][0m --> GET /wd/hub/session/6574240b-463d-468a-80e8-2f8696575104/source 
[38;5;138m[6574240b][0m[38;5;-38m[AndroidUiautomator2Driver@f1f0][0m Driver proxy active, passing request on via HTTP proxy
[38;5;138m[6574240b][0m[38;5;86m[HTTP][0m --> GET /wd/hub/session/6574240b-463d-468a-80e8-2f8696575104/screenshot 
[38;5;138m[6574240b][0m[38;5;-38m[AndroidUiautomator2Driver@f1f0][0m Replacing sessionId 8de0f49c-56d3-4c2b-b7bf-0c0d011efe55 with 6574240b-463d-468a-80e8-2f8696575104
[38;5;138m[6574240b][0m[38;5;86m[HTTP][0m <-- GET /wd/hub/session/6574240b-463d-468a-80e8-2f8696575104/source 200 353 ms - 2223
[38;5;138m[6574240b][0m[38;5;86m[HTTP][0m <-- GET /wd/hub/session/6574240b-463d-468a-80e8-2f8696575104/screenshot 200 1093 ms - 67008
[38;5;138m[6574240b][0m[38;5;86m[HTTP][0m --> GET /wd/hub/session/6574240b-463d-468a-80e8-2f8696575104/timeouts 
[38;5;138m[6574240b][0m[38;5;86m[HTTP][0m <-- GET /wd/hub/session/6574240b-463d-468a-80e8-2f8696575104/timeouts 200 6 ms - 42
[38;5;138m[6574240b][0m[38;5;86m[HTTP][0m --> POST /wd/hub/session/6574240b-463d-468a-80e8-2f8696575104/timeouts {"implicit":0}
[38;5;138m[6574240b][0m[38;5;86m[HTTP][0m <-- POST /wd/hub/session/6574240b-463d-468a-80e8-2f8696575104/timeouts 200 9 ms - 14
[38;5;138m[6574240b][0m[38;5;86m[HTTP][0m --> POST /wd/hub/session/6574240b-463d-468a-80e8-2f8696575104/elements {"using":"xpath","value":"/hierarchy/android.widget.FrameLayout/android.widget.LinearLayout/android.widget.FrameLayout"}
[38;5;138m[6574240b][0m[38;5;86m[HTTP][0m <-- POST /wd/hub/session/6574240b-463d-468a-80e8-2f8696575104/elements 200 265 ms - 139
[38;5;138m[6574240b][0m[38;5;86m[HTTP][0m --> POST /wd/hub/session/6574240b-463d-468a-80e8-2f8696575104/timeouts {"implicit":0}
[38;5;138m[6574240b][0m[38;5;86m[HTTP][0m <-- POST /wd/hub/session/6574240b-463d-468a-80e8-2f8696575104/timeouts 200 11 ms - 14
[38;5;138m[6574240b][0m[38;5;86m[HTTP][0m --> POST /wd/hub/session/6574240b-463d-468a-80e8-2f8696575104/element/00000000-0000-0576-ffff-ffff00000013/click {"id":"00000000-0000-0576-ffff-ffff00000013"}
[38;5;138m[6574240b][0m[38;5;86m[HTTP][0m <-- POST /wd/hub/session/6574240b-463d-468a-80e8-2f8696575104/element/00000000-0000-0576-ffff-ffff00000013/click 200 111 ms - 14
[38;5;138m[6574240b][0m[38;5;86m[HTTP][0m --> GET /wd/hub/session/6574240b-463d-468a-80e8-2f8696575104/source 
[38;5;138m[6574240b][0m[38;5;-38m[AndroidUiautomator2Driver@f1f0][0m Driver proxy active, passing request on via HTTP proxy
[38;5;138m[6574240b][0m[38;5;86m[HTTP][0m --> GET /wd/hub/session/6574240b-463d-468a-80e8-2f8696575104/screenshot 
[38;5;138m[6574240b][0m[38;5;-38m[AndroidUiautomator2Driver@f1f0][0m Replacing sessionId 8de0f49c-56d3-4c2b-b7bf-0c0d011efe55 with 6574240b-463d-468a-80e8-2f8696575104
[38;5;138m[6574240b][0m[38;5;86m[HTTP][0m <-- GET /wd/hub/session/6574240b-463d-468a-80e8-2f8696575104/source 200 445 ms - 833
[38;5;138m[6574240b][0m[38;5;86m[HTTP][0m <-- GET /wd/hub/session/6574240b-463d-468a-80e8-2f8696575104/screenshot 200 1284 ms - 67848
[38;5;138m[6574240b][0m[38;5;86m[HTTP][0m --> GET /wd/hub/session/6574240b-463d-468a-80e8-2f8696575104/source 
[38;5;138m[6574240b][0m[38;5;-38m[AndroidUiautomator2Driver@f1f0][0m Driver proxy active, passing request on via HTTP proxy
[38;5;138m[6574240b][0m[38;5;86m[HTTP][0m --> GET /wd/hub/session/6574240b-463d-468a-80e8-2f8696575104/screenshot 
[38;5;138m[6574240b][0m[38;5;-38m[AndroidUiautomator2Driver@f1f0][0m Replacing sessionId 8de0f49c-56d3-4c2b-b7bf-0c0d011efe55 with 6574240b-463d-468a-80e8-2f8696575104
[38;5;138m[6574240b][0m[38;5;86m[HTTP][0m <-- GET /wd/hub/session/6574240b-463d-468a-80e8-2f8696575104/source 200 483 ms - 833
[38;5;138m[6574240b][0m[38;5;86m[HTTP][0m <-- GET /wd/hub/session/6574240b-463d-468a-80e8-2f8696575104/screenshot 200 1344 ms - 66744
[38;5;138m[6574240b][0m[38;5;86m[HTTP][0m --> GET /wd/hub/session/6574240b-463d-468a-80e8-2f8696575104/timeouts 
[38;5;86m[HTTP][0m <-- GET /wd/hub/session/6574240b-463d-468a-80e8-2f8696575104/timeouts 200 3 ms - 42
[38;5;138m[6574240b][0m[38;5;86m[HTTP][0m --> POST /wd/hub/session/6574240b-463d-468a-80e8-2f8696575104/timeouts {"implicit":0}
[38;5;138m[6574240b][0m[38;5;86m[HTTP][0m <-- POST /wd/hub/session/6574240b-463d-468a-80e8-2f8696575104/timeouts 200 4 ms - 14
[38;5;138m[6574240b][0m[38;5;86m[HTTP][0m --> POST /wd/hub/session/6574240b-463d-468a-80e8-2f8696575104/elements {"using":"xpath","value":"/hierarchy"}
[38;5;138m[6574240b][0m[38;5;86m[HTTP][0m <-- POST /wd/hub/session/6574240b-463d-468a-80e8-2f8696575104/elements 200 286 ms - 12
[38;5;138m[6574240b][0m[38;5;86m[HTTP][0m --> POST /wd/hub/session/6574240b-463d-468a-80e8-2f8696575104/timeouts {"implicit":0}
[38;5;138m[6574240b][0m[38;5;86m[HTTP][0m <-- POST /wd/hub/session/6574240b-463d-468a-80e8-2f8696575104/timeouts 200 4 ms - 14
[38;5;138m[6574240b][0m[38;5;86m[HTTP][0m --> POST /wd/hub/session/6574240b-463d-468a-80e8-2f8696575104/elements {"using":"xpath","value":"/hierarchy"}
[38;5;138m[6574240b][0m[38;5;86m[HTTP][0m <-- POST /wd/hub/session/6574240b-463d-468a-80e8-2f8696575104/elements 200 157 ms - 12
[38;5;138m[6574240b][0m[38;5;86m[HTTP][0m --> POST /wd/hub/session/6574240b-463d-468a-80e8-2f8696575104/timeouts {"implicit":0}
[38;5;138m[6574240b][0m[38;5;86m[HTTP][0m <-- POST /wd/hub/session/6574240b-463d-468a-80e8-2f8696575104/timeouts 200 6 ms - 14
[38;5;138m[6574240b][0m[38;5;86m[HTTP][0m --> POST /wd/hub/session/6574240b-463d-468a-80e8-2f8696575104/elements {"using":"xpath","value":"/hierarchy"}
[38;5;138m[6574240b][0m[38;5;86m[HTTP][0m <-- POST /wd/hub/session/6574240b-463d-468a-80e8-2f8696575104/elements 200 179 ms - 12
[38;5;138m[6574240b][0m[38;5;86m[HTTP][0m --> POST /wd/hub/session/6574240b-463d-468a-80e8-2f8696575104/timeouts {"implicit":0}
[38;5;138m[6574240b][0m[38;5;86m[HTTP][0m <-- POST /wd/hub/session/6574240b-463d-468a-80e8-2f8696575104/timeouts 200 4 ms - 14
[38;5;138m[6574240b][0m[38;5;86m[HTTP][0m --> POST /wd/hub/session/6574240b-463d-468a-80e8-2f8696575104/elements {"using":"xpath","value":"/hierarchy"}
[38;5;138m[6574240b][0m[38;5;86m[HTTP][0m <-- POST /wd/hub/session/6574240b-463d-468a-80e8-2f8696575104/elements 200 123 ms - 12
[38;5;138m[6574240b][0m[38;5;86m[HTTP][0m --> POST /wd/hub/session/6574240b-463d-468a-80e8-2f8696575104/timeouts {"implicit":0}
[38;5;138m[6574240b][0m[38;5;86m[HTTP][0m <-- POST /wd/hub/session/6574240b-463d-468a-80e8-2f8696575104/timeouts 200 1 ms - 14
[38;5;138m[6574240b][0m[38;5;86m[HTTP][0m --> POST /wd/hub/session/6574240b-463d-468a-80e8-2f8696575104/elements {"using":"xpath","value":"/hierarchy"}
[38;5;138m[6574240b][0m[38;5;86m[HTTP][0m <-- POST /wd/hub/session/6574240b-463d-468a-80e8-2f8696575104/elements 200 535 ms - 12
[38;5;138m[6574240b][0m[38;5;86m[HTTP][0m --> POST /wd/hub/session/6574240b-463d-468a-80e8-2f8696575104/timeouts {"implicit":0}
[38;5;138m[6574240b][0m[38;5;86m[HTTP][0m <-- POST /wd/hub/session/6574240b-463d-468a-80e8-2f8696575104/timeouts 200 2 ms - 14
[38;5;138m[6574240b][0m[38;5;86m[HTTP][0m --> POST /wd/hub/session/6574240b-463d-468a-80e8-2f8696575104/elements {"using":"xpath","value":"/hierarchy"}
[38;5;138m[6574240b][0m[38;5;86m[HTTP][0m <-- POST /wd/hub/session/6574240b-463d-468a-80e8-2f8696575104/elements 200 141 ms - 12
[38;5;138m[6574240b][0m[38;5;86m[HTTP][0m --> POST /wd/hub/session/6574240b-463d-468a-80e8-2f8696575104/timeouts {"implicit":0}
[38;5;138m[6574240b][0m[38;5;86m[HTTP][0m <-- POST /wd/hub/session/6574240b-463d-468a-80e8-2f8696575104/timeouts 200 1 ms - 14
[38;5;138m[6574240b][0m[38;5;86m[HTTP][0m --> POST /wd/hub/session/6574240b-463d-468a-80e8-2f8696575104/elements {"using":"xpath","value":"/hierarchy"}
[38;5;138m[6574240b][0m[38;5;86m[HTTP][0m <-- POST /wd/hub/session/6574240b-463d-468a-80e8-2f8696575104/elements 200 147 ms - 12
[38;5;138m[6574240b][0m[38;5;86m[HTTP][0m --> POST /wd/hub/session/6574240b-463d-468a-80e8-2f8696575104/timeouts {"implicit":0}
[38;5;138m[6574240b][0m[38;5;86m[HTTP][0m <-- POST /wd/hub/session/6574240b-463d-468a-80e8-2f8696575104/timeouts 200 4 ms - 14
[38;5;138m[6574240b][0m[38;5;86m[HTTP][0m --> POST /wd/hub/session/6574240b-463d-468a-80e8-2f8696575104/elements {"using":"xpath","value":"/hierarchy"}
[38;5;138m[6574240b][0m[38;5;86m[HTTP][0m <-- POST /wd/hub/session/6574240b-463d-468a-80e8-2f8696575104/elements 200 150 ms - 12
[38;5;138m[6574240b][0m[38;5;86m[HTTP][0m --> POST /wd/hub/session/6574240b-463d-468a-80e8-2f8696575104/timeouts {"implicit":0}
[38;5;138m[6574240b][0m[38;5;86m[HTTP][0m <-- POST /wd/hub/session/6574240b-463d-468a-80e8-2f8696575104/timeouts 200 6 ms - 14
[38;5;138m[6574240b][0m[38;5;86m[HTTP][0m --> POST /wd/hub/session/6574240b-463d-468a-80e8-2f8696575104/elements {"using":"xpath","value":"/hierarchy"}
[38;5;138m[6574240b][0m[38;5;86m[HTTP][0m <-- POST /wd/hub/session/6574240b-463d-468a-80e8-2f8696575104/elements 200 178 ms - 12
[38;5;138m[6574240b][0m[38;5;86m[HTTP][0m --> POST /wd/hub/session/6574240b-463d-468a-80e8-2f8696575104/timeouts {"implicit":0}
[38;5;138m[6574240b][0m[38;5;86m[HTTP][0m <-- POST /wd/hub/session/6574240b-463d-468a-80e8-2f8696575104/timeouts 200 12 ms - 14
[38;5;138m[6574240b][0m[38;5;86m[HTTP][0m --> POST /wd/hub/session/6574240b-463d-468a-80e8-2f8696575104/elements {"using":"xpath","value":"/hierarchy"}
[38;5;138m[6574240b][0m[38;5;86m[HTTP][0m <-- POST /wd/hub/session/6574240b-463d-468a-80e8-2f8696575104/elements 200 177 ms - 12
[38;5;138m[6574240b][0m[38;5;86m[HTTP][0m --> POST /wd/hub/session/6574240b-463d-468a-80e8-2f8696575104/timeouts {"implicit":0}
[38;5;138m[6574240b][0m[38;5;86m[HTTP][0m <-- POST /wd/hub/session/6574240b-463d-468a-80e8-2f8696575104/timeouts 200 10 ms - 14
[38;5;138m[6574240b][0m[38;5;86m[HTTP][0m --> POST /wd/hub/session/6574240b-463d-468a-80e8-2f8696575104/elements {"using":"xpath","value":"/hierarchy"}
[38;5;138m[6574240b][0m[38;5;86m[HTTP][0m <-- POST /wd/hub/session/6574240b-463d-468a-80e8-2f8696575104/elements 200 135 ms - 12
[38;5;138m[6574240b][0m[38;5;86m[HTTP][0m --> POST /wd/hub/session/6574240b-463d-468a-80e8-2f8696575104/timeouts {"implicit":0}
[38;5;138m[6574240b][0m[38;5;86m[HTTP][0m <-- POST /wd/hub/session/6574240b-463d-468a-80e8-2f8696575104/timeouts 200 6 ms - 14
[38;5;138m[6574240b][0m[38;5;86m[HTTP][0m --> POST /wd/hub/session/6574240b-463d-468a-80e8-2f8696575104/elements {"using":"xpath","value":"/hierarchy"}
[38;5;138m[6574240b][0m[38;5;86m[HTTP][0m <-- POST /wd/hub/session/6574240b-463d-468a-80e8-2f8696575104/elements 200 409 ms - 12
[38;5;138m[6574240b][0m[38;5;86m[HTTP][0m --> POST /wd/hub/session/6574240b-463d-468a-80e8-2f8696575104/timeouts {"implicit":0}
[38;5;138m[6574240b][0m[38;5;86m[HTTP][0m <-- POST /wd/hub/session/6574240b-463d-468a-80e8-2f8696575104/timeouts 200 6 ms - 14
[38;5;138m[6574240b][0m[38;5;86m[HTTP][0m --> POST /wd/hub/session/6574240b-463d-468a-80e8-2f8696575104/elements {"using":"xpath","value":"/hierarchy"}
[38;5;138m[6574240b][0m[38;5;86m[HTTP][0m <-- POST /wd/hub/session/6574240b-463d-468a-80e8-2f8696575104/elements 200 118 ms - 12
[38;5;138m[6574240b][0m[38;5;86m[HTTP][0m --> POST /wd/hub/session/6574240b-463d-468a-80e8-2f8696575104/timeouts {"implicit":0}
[38;5;138m[6574240b][0m[38;5;86m[HTTP][0m <-- POST /wd/hub/session/6574240b-463d-468a-80e8-2f8696575104/timeouts 200 6 ms - 14
[38;5;138m[6574240b][0m[38;5;86m[HTTP][0m --> POST /wd/hub/session/6574240b-463d-468a-80e8-2f8696575104/elements {"using":"xpath","value":"/hierarchy"}
[38;5;138m[6574240b][0m[38;5;86m[HTTP][0m <-- POST /wd/hub/session/6574240b-463d-468a-80e8-2f8696575104/elements 200 145 ms - 12
[38;5;138m[6574240b][0m[38;5;86m[HTTP][0m --> POST /wd/hub/session/6574240b-463d-468a-80e8-2f8696575104/timeouts {"implicit":0}
[38;5;138m[6574240b][0m[38;5;86m[HTTP][0m <-- POST /wd/hub/session/6574240b-463d-468a-80e8-2f8696575104/timeouts 200 3 ms - 14
[38;5;138m[6574240b][0m[38;5;86m[HTTP][0m --> POST /wd/hub/session/6574240b-463d-468a-80e8-2f8696575104/elements {"using":"xpath","value":"/hierarchy"}
[38;5;138m[6574240b][0m[38;5;86m[HTTP][0m <-- POST /wd/hub/session/6574240b-463d-468a-80e8-2f8696575104/elements 200 125 ms - 12
[38;5;138m[6574240b][0m[38;5;86m[HTTP][0m --> POST /wd/hub/session/6574240b-463d-468a-80e8-2f8696575104/timeouts {"implicit":0}
[38;5;138m[6574240b][0m[38;5;86m[HTTP][0m <-- POST /wd/hub/session/6574240b-463d-468a-80e8-2f8696575104/timeouts 200 3 ms - 14
[38;5;138m[6574240b][0m[38;5;86m[HTTP][0m --> POST /wd/hub/session/6574240b-463d-468a-80e8-2f8696575104/elements {"using":"xpath","value":"/hierarchy"}
[38;5;138m[6574240b][0m[38;5;86m[HTTP][0m <-- POST /wd/hub/session/6574240b-463d-468a-80e8-2f8696575104/elements 200 165 ms - 12
[38;5;138m[6574240b][0m[38;5;86m[HTTP][0m --> POST /wd/hub/session/6574240b-463d-468a-80e8-2f8696575104/timeouts {"implicit":0}
[38;5;138m[6574240b][0m[38;5;86m[HTTP][0m <-- POST /wd/hub/session/6574240b-463d-468a-80e8-2f8696575104/timeouts 200 14 ms - 14
[38;5;138m[6574240b][0m[38;5;86m[HTTP][0m --> POST /wd/hub/session/6574240b-463d-468a-80e8-2f8696575104/elements {"using":"xpath","value":"/hierarchy"}
[38;5;138m[6574240b][0m[38;5;86m[HTTP][0m <-- POST /wd/hub/session/6574240b-463d-468a-80e8-2f8696575104/elements 200 117 ms - 12
[38;5;138m[6574240b][0m[38;5;86m[HTTP][0m --> POST /wd/hub/session/6574240b-463d-468a-80e8-2f8696575104/timeouts {"implicit":0}
[38;5;138m[6574240b][0m[38;5;86m[HTTP][0m <-- POST /wd/hub/session/6574240b-463d-468a-80e8-2f8696575104/timeouts 200 11 ms - 14
[38;5;138m[6574240b][0m[38;5;86m[HTTP][0m --> POST /wd/hub/session/6574240b-463d-468a-80e8-2f8696575104/elements {"using":"xpath","value":"/hierarchy"}
[38;5;138m[6574240b][0m[38;5;86m[HTTP][0m <-- POST /wd/hub/session/6574240b-463d-468a-80e8-2f8696575104/elements 200 129 ms - 12
[38;5;138m[6574240b][0m[38;5;86m[HTTP][0m --> POST /wd/hub/session/6574240b-463d-468a-80e8-2f8696575104/timeouts {"implicit":0}
[38;5;138m[6574240b][0m[38;5;86m[HTTP][0m <-- POST /wd/hub/session/6574240b-463d-468a-80e8-2f8696575104/timeouts 200 7 ms - 14
[38;5;138m[6574240b][0m[38;5;86m[HTTP][0m --> POST /wd/hub/session/6574240b-463d-468a-80e8-2f8696575104/elements {"using":"xpath","value":"/hierarchy"}
[38;5;138m[6574240b][0m[38;5;86m[HTTP][0m <-- POST /wd/hub/session/6574240b-463d-468a-80e8-2f8696575104/elements 200 649 ms - 12
[38;5;138m[6574240b][0m[38;5;86m[HTTP][0m --> POST /wd/hub/session/6574240b-463d-468a-80e8-2f8696575104/timeouts {"implicit":0}
[38;5;138m[6574240b][0m[38;5;86m[HTTP][0m <-- POST /wd/hub/session/6574240b-463d-468a-80e8-2f8696575104/timeouts 200 4 ms - 14
[38;5;138m[6574240b][0m[38;5;86m[HTTP][0m --> POST /wd/hub/session/6574240b-463d-468a-80e8-2f8696575104/elements {"using":"xpath","value":"/hierarchy"}
[38;5;138m[6574240b][0m[38;5;86m[HTTP][0m <-- POST /wd/hub/session/6574240b-463d-468a-80e8-2f8696575104/elements 200 173 ms - 12
[38;5;138m[6574240b][0m[38;5;86m[HTTP][0m --> POST /wd/hub/session/6574240b-463d-468a-80e8-2f8696575104/timeouts {"implicit":0}
[38;5;138m[6574240b][0m[38;5;86m[HTTP][0m <-- POST /wd/hub/session/6574240b-463d-468a-80e8-2f8696575104/timeouts 200 4 ms - 14
[38;5;138m[6574240b][0m[38;5;86m[HTTP][0m --> POST /wd/hub/session/6574240b-463d-468a-80e8-2f8696575104/elements {"using":"xpath","value":"/hierarchy"}
[38;5;138m[6574240b][0m[38;5;86m[HTTP][0m <-- POST /wd/hub/session/6574240b-463d-468a-80e8-2f8696575104/elements 200 197 ms - 12
[38;5;138m[6574240b][0m[38;5;86m[HTTP][0m --> POST /wd/hub/session/6574240b-463d-468a-80e8-2f8696575104/timeouts {"implicit":0}
[38;5;138m[6574240b][0m[38;5;86m[HTTP][0m <-- POST /wd/hub/session/6574240b-463d-468a-80e8-2f8696575104/timeouts 200 9 ms - 14
[38;5;138m[6574240b][0m[38;5;86m[HTTP][0m --> POST /wd/hub/session/6574240b-463d-468a-80e8-2f8696575104/elements {"using":"xpath","value":"/hierarchy"}
[38;5;138m[6574240b][0m[38;5;86m[HTTP][0m <-- POST /wd/hub/session/6574240b-463d-468a-80e8-2f8696575104/elements 200 175 ms - 12
[38;5;138m[6574240b][0m[38;5;86m[HTTP][0m --> POST /wd/hub/session/6574240b-463d-468a-80e8-2f8696575104/timeouts {"implicit":0}
[38;5;138m[6574240b][0m[38;5;86m[HTTP][0m <-- POST /wd/hub/session/6574240b-463d-468a-80e8-2f8696575104/timeouts 200 7 ms - 14
[38;5;138m[6574240b][0m[38;5;86m[HTTP][0m --> POST /wd/hub/session/6574240b-463d-468a-80e8-2f8696575104/elements {"using":"xpath","value":"/hierarchy"}
[38;5;138m[6574240b][0m[38;5;86m[HTTP][0m <-- POST /wd/hub/session/6574240b-463d-468a-80e8-2f8696575104/elements 200 132 ms - 12
[38;5;138m[6574240b][0m[38;5;86m[HTTP][0m --> POST /wd/hub/session/6574240b-463d-468a-80e8-2f8696575104/timeouts {"implicit":0}
[38;5;138m[6574240b][0m[38;5;86m[HTTP][0m <-- POST /wd/hub/session/6574240b-463d-468a-80e8-2f8696575104/timeouts 200 3 ms - 14
[38;5;138m[6574240b][0m[38;5;86m[HTTP][0m --> POST /wd/hub/session/6574240b-463d-468a-80e8-2f8696575104/elements {"using":"xpath","value":"/hierarchy"}
[38;5;138m[6574240b][0m[38;5;86m[HTTP][0m <-- POST /wd/hub/session/6574240b-463d-468a-80e8-2f8696575104/elements 200 165 ms - 12
[38;5;138m[6574240b][0m[38;5;86m[HTTP][0m --> POST /wd/hub/session/6574240b-463d-468a-80e8-2f8696575104/timeouts {"implicit":0}
[38;5;138m[6574240b][0m[38;5;86m[HTTP][0m <-- POST /wd/hub/session/6574240b-463d-468a-80e8-2f8696575104/timeouts 200 6 ms - 14
[38;5;138m[6574240b][0m[38;5;86m[HTTP][0m --> POST /wd/hub/session/6574240b-463d-468a-80e8-2f8696575104/elements {"using":"xpath","value":"/hierarchy"}
[38;5;138m[6574240b][0m[38;5;86m[HTTP][0m <-- POST /wd/hub/session/6574240b-463d-468a-80e8-2f8696575104/elements 200 193 ms - 12
[38;5;138m[6574240b][0m[38;5;86m[HTTP][0m --> POST /wd/hub/session/6574240b-463d-468a-80e8-2f8696575104/timeouts {"implicit":0}
[38;5;138m[6574240b][0m[38;5;86m[HTTP][0m <-- POST /wd/hub/session/6574240b-463d-468a-80e8-2f8696575104/timeouts 200 7 ms - 14
[38;5;138m[6574240b][0m[38;5;86m[HTTP][0m --> POST /wd/hub/session/6574240b-463d-468a-80e8-2f8696575104/elements {"using":"xpath","value":"/hierarchy"}
[38;5;138m[6574240b][0m[38;5;86m[HTTP][0m <-- POST /wd/hub/session/6574240b-463d-468a-80e8-2f8696575104/elements 200 378 ms - 12
[38;5;138m[6574240b][0m[38;5;86m[HTTP][0m --> POST /wd/hub/session/6574240b-463d-468a-80e8-2f8696575104/timeouts {"implicit":0}
[38;5;138m[6574240b][0m[38;5;86m[HTTP][0m <-- POST /wd/hub/session/6574240b-463d-468a-80e8-2f8696575104/timeouts 200 6 ms - 14
[38;5;138m[6574240b][0m[38;5;86m[HTTP][0m --> POST /wd/hub/session/6574240b-463d-468a-80e8-2f8696575104/elements {"using":"xpath","value":"/hierarchy"}
[38;5;138m[6574240b][0m[38;5;86m[HTTP][0m <-- POST /wd/hub/session/6574240b-463d-468a-80e8-2f8696575104/elements 200 121 ms - 12
[38;5;138m[6574240b][0m[38;5;86m[HTTP][0m --> POST /wd/hub/session/6574240b-463d-468a-80e8-2f8696575104/timeouts {"implicit":0}
[38;5;138m[6574240b][0m[38;5;86m[HTTP][0m <-- POST /wd/hub/session/6574240b-463d-468a-80e8-2f8696575104/timeouts 200 9 ms - 14
[38;5;138m[6574240b][0m[38;5;86m[HTTP][0m --> POST /wd/hub/session/6574240b-463d-468a-80e8-2f8696575104/elements {"using":"xpath","value":"/hierarchy"}
[38;5;138m[6574240b][0m[38;5;86m[HTTP][0m <-- POST /wd/hub/session/6574240b-463d-468a-80e8-2f8696575104/elements 200 189 ms - 12
[38;5;138m[6574240b][0m[38;5;86m[HTTP][0m --> POST /wd/hub/session/6574240b-463d-468a-80e8-2f8696575104/timeouts {"implicit":0}
[38;5;138m[6574240b][0m[38;5;86m[HTTP][0m <-- POST /wd/hub/session/6574240b-463d-468a-80e8-2f8696575104/timeouts 200 5 ms - 14
[38;5;138m[6574240b][0m[38;5;86m[HTTP][0m --> POST /wd/hub/session/6574240b-463d-468a-80e8-2f8696575104/elements {"using":"xpath","value":"/hierarchy"}
[38;5;138m[6574240b][0m[38;5;86m[HTTP][0m <-- POST /wd/hub/session/6574240b-463d-468a-80e8-2f8696575104/elements 200 136 ms - 12
[38;5;138m[6574240b][0m[38;5;86m[HTTP][0m --> POST /wd/hub/session/6574240b-463d-468a-80e8-2f8696575104/timeouts {"implicit":0}
[38;5;138m[6574240b][0m[38;5;86m[HTTP][0m <-- POST /wd/hub/session/6574240b-463d-468a-80e8-2f8696575104/timeouts 200 4 ms - 14
[38;5;138m[6574240b][0m[38;5;86m[HTTP][0m --> POST /wd/hub/session/6574240b-463d-468a-80e8-2f8696575104/elements {"using":"xpath","value":"/hierarchy"}
[38;5;138m[6574240b][0m[38;5;86m[HTTP][0m <-- POST /wd/hub/session/6574240b-463d-468a-80e8-2f8696575104/elements 200 312 ms - 12
[38;5;138m[6574240b][0m[38;5;86m[HTTP][0m --> POST /wd/hub/session/6574240b-463d-468a-80e8-2f8696575104/timeouts {"implicit":0}
[38;5;138m[6574240b][0m[38;5;86m[HTTP][0m <-- POST /wd/hub/session/6574240b-463d-468a-80e8-2f8696575104/timeouts 200 2 ms - 14
[38;5;138m[6574240b][0m[38;5;86m[HTTP][0m --> POST /wd/hub/session/6574240b-463d-468a-80e8-2f8696575104/elements {"using":"xpath","value":"/hierarchy"}
[38;5;138m[6574240b][0m[38;5;86m[HTTP][0m <-- POST /wd/hub/session/6574240b-463d-468a-80e8-2f8696575104/elements 200 188 ms - 12
[38;5;138m[6574240b][0m[38;5;86m[HTTP][0m --> POST /wd/hub/session/6574240b-463d-468a-80e8-2f8696575104/timeouts {"implicit":0}
[38;5;138m[6574240b][0m[38;5;86m[HTTP][0m <-- POST /wd/hub/session/6574240b-463d-468a-80e8-2f8696575104/timeouts 200 3 ms - 14
[38;5;138m[6574240b][0m[38;5;86m[HTTP][0m --> POST /wd/hub/session/6574240b-463d-468a-80e8-2f8696575104/elements {"using":"xpath","value":"/hierarchy"}
[38;5;138m[6574240b][0m[38;5;86m[HTTP][0m <-- POST /wd/hub/session/6574240b-463d-468a-80e8-2f8696575104/elements 200 162 ms - 12
[38;5;138m[6574240b][0m[38;5;86m[HTTP][0m --> POST /wd/hub/session/6574240b-463d-468a-80e8-2f8696575104/timeouts {"implicit":0}
[38;5;138m[6574240b][0m[38;5;86m[HTTP][0m <-- POST /wd/hub/session/6574240b-463d-468a-80e8-2f8696575104/timeouts 200 2 ms - 14
[38;5;138m[6574240b][0m[38;5;86m[HTTP][0m --> POST /wd/hub/session/6574240b-463d-468a-80e8-2f8696575104/elements {"using":"xpath","value":"/hierarchy"}
[38;5;138m[6574240b][0m[38;5;86m[HTTP][0m <-- POST /wd/hub/session/6574240b-463d-468a-80e8-2f8696575104/elements 200 337 ms - 12
[38;5;138m[6574240b][0m[38;5;86m[HTTP][0m --> POST /wd/hub/session/6574240b-463d-468a-80e8-2f8696575104/timeouts {"implicit":0}
[38;5;138m[6574240b][0m[38;5;86m[HTTP][0m <-- POST /wd/hub/session/6574240b-463d-468a-80e8-2f8696575104/timeouts 200 9 ms - 14
[38;5;138m[6574240b][0m[38;5;86m[HTTP][0m --> POST /wd/hub/session/6574240b-463d-468a-80e8-2f8696575104/elements {"using":"xpath","value":"/hierarchy"}
[38;5;138m[6574240b][0m[38;5;86m[HTTP][0m <-- POST /wd/hub/session/6574240b-463d-468a-80e8-2f8696575104/elements 200 166 ms - 12
[38;5;138m[6574240b][0m[38;5;86m[HTTP][0m --> POST /wd/hub/session/6574240b-463d-468a-80e8-2f8696575104/timeouts {"implicit":0}
[38;5;138m[6574240b][0m[38;5;86m[HTTP][0m <-- POST /wd/hub/session/6574240b-463d-468a-80e8-2f8696575104/timeouts 200 8 ms - 14
[38;5;138m[6574240b][0m[38;5;86m[HTTP][0m --> POST /wd/hub/session/6574240b-463d-468a-80e8-2f8696575104/elements {"using":"xpath","value":"/hierarchy"}
[38;5;138m[6574240b][0m[38;5;86m[HTTP][0m <-- POST /wd/hub/session/6574240b-463d-468a-80e8-2f8696575104/elements 200 177 ms - 12
[38;5;138m[6574240b][0m[38;5;86m[HTTP][0m --> POST /wd/hub/session/6574240b-463d-468a-80e8-2f8696575104/timeouts {"implicit":0}
[38;5;138m[6574240b][0m[38;5;86m[HTTP][0m <-- POST /wd/hub/session/6574240b-463d-468a-80e8-2f8696575104/timeouts 200 2 ms - 14
[38;5;138m[6574240b][0m[38;5;86m[HTTP][0m --> POST /wd/hub/session/6574240b-463d-468a-80e8-2f8696575104/elements {"using":"xpath","value":"/hierarchy"}
[38;5;138m[6574240b][0m[38;5;86m[HTTP][0m <-- POST /wd/hub/session/6574240b-463d-468a-80e8-2f8696575104/elements 200 190 ms - 12
[38;5;138m[6574240b][0m[38;5;86m[HTTP][0m --> POST /wd/hub/session/6574240b-463d-468a-80e8-2f8696575104/timeouts {"implicit":0}
[38;5;138m[6574240b][0m[38;5;86m[HTTP][0m <-- POST /wd/hub/session/6574240b-463d-468a-80e8-2f8696575104/timeouts 200 5 ms - 14
[38;5;138m[6574240b][0m[38;5;86m[HTTP][0m --> POST /wd/hub/session/6574240b-463d-468a-80e8-2f8696575104/elements {"using":"xpath","value":"/hierarchy"}
[38;5;138m[6574240b][0m[38;5;86m[HTTP][0m <-- POST /wd/hub/session/6574240b-463d-468a-80e8-2f8696575104/elements 200 191 ms - 12
[38;5;138m[6574240b][0m[38;5;86m[HTTP][0m --> POST /wd/hub/session/6574240b-463d-468a-80e8-2f8696575104/timeouts {"implicit":0}
[38;5;138m[6574240b][0m[38;5;86m[HTTP][0m <-- POST /wd/hub/session/6574240b-463d-468a-80e8-2f8696575104/timeouts 200 7 ms - 14
[38;5;138m[6574240b][0m[38;5;86m[HTTP][0m --> POST /wd/hub/session/6574240b-463d-468a-80e8-2f8696575104/elements {"using":"xpath","value":"/hierarchy"}
[38;5;138m[6574240b][0m[38;5;86m[HTTP][0m <-- POST /wd/hub/session/6574240b-463d-468a-80e8-2f8696575104/elements 200 212 ms - 12
[38;5;138m[6574240b][0m[38;5;86m[HTTP][0m --> POST /wd/hub/session/6574240b-463d-468a-80e8-2f8696575104/timeouts {"implicit":0}
[38;5;138m[6574240b][0m[38;5;86m[HTTP][0m <-- POST /wd/hub/session/6574240b-463d-468a-80e8-2f8696575104/timeouts 200 5 ms - 14
[38;5;138m[6574240b][0m[38;5;86m[HTTP][0m --> POST /wd/hub/session/6574240b-463d-468a-80e8-2f8696575104/elements {"using":"xpath","value":"/hierarchy"}
[38;5;138m[6574240b][0m[38;5;86m[HTTP][0m <-- POST /wd/hub/session/6574240b-463d-468a-80e8-2f8696575104/elements 200 147 ms - 12
[38;5;138m[6574240b][0m[38;5;86m[HTTP][0m --> POST /wd/hub/session/6574240b-463d-468a-80e8-2f8696575104/timeouts {"implicit":0}
[38;5;138m[6574240b][0m[38;5;86m[HTTP][0m <-- POST /wd/hub/session/6574240b-463d-468a-80e8-2f8696575104/timeouts 200 4 ms - 14
[38;5;138m[6574240b][0m[38;5;86m[HTTP][0m --> POST /wd/hub/session/6574240b-463d-468a-80e8-2f8696575104/elements {"using":"xpath","value":"/hierarchy"}
[38;5;138m[6574240b][0m[38;5;86m[HTTP][0m <-- POST /wd/hub/session/6574240b-463d-468a-80e8-2f8696575104/elements 200 357 ms - 12
[38;5;138m[6574240b][0m[38;5;86m[HTTP][0m --> POST /wd/hub/session/6574240b-463d-468a-80e8-2f8696575104/timeouts {"implicit":0}
[38;5;138m[6574240b][0m[38;5;86m[HTTP][0m <-- POST /wd/hub/session/6574240b-463d-468a-80e8-2f8696575104/timeouts 200 2 ms - 14
[38;5;138m[6574240b][0m[38;5;86m[HTTP][0m --> POST /wd/hub/session/6574240b-463d-468a-80e8-2f8696575104/elements {"using":"xpath","value":"/hierarchy"}
[38;5;138m[6574240b][0m[38;5;86m[HTTP][0m <-- POST /wd/hub/session/6574240b-463d-468a-80e8-2f8696575104/elements 200 205 ms - 12
[38;5;138m[6574240b][0m[38;5;86m[HTTP][0m --> POST /wd/hub/session/6574240b-463d-468a-80e8-2f8696575104/timeouts {"implicit":0}
[38;5;138m[6574240b][0m[38;5;86m[HTTP][0m <-- POST /wd/hub/session/6574240b-463d-468a-80e8-2f8696575104/timeouts 200 5 ms - 14
[38;5;138m[6574240b][0m[38;5;86m[HTTP][0m --> POST /wd/hub/session/6574240b-463d-468a-80e8-2f8696575104/elements {"using":"xpath","value":"/hierarchy"}
[38;5;138m[6574240b][0m[38;5;86m[HTTP][0m <-- POST /wd/hub/session/6574240b-463d-468a-80e8-2f8696575104/elements 200 174 ms - 12
[38;5;138m[6574240b][0m[38;5;86m[HTTP][0m --> POST /wd/hub/session/6574240b-463d-468a-80e8-2f8696575104/timeouts {"implicit":0}
[38;5;138m[6574240b][0m[38;5;86m[HTTP][0m <-- POST /wd/hub/session/6574240b-463d-468a-80e8-2f8696575104/timeouts 200 5 ms - 14
[38;5;138m[6574240b][0m[38;5;86m[HTTP][0m --> POST /wd/hub/session/6574240b-463d-468a-80e8-2f8696575104/elements {"using":"xpath","value":"/hierarchy"}
[38;5;138m[6574240b][0m[38;5;86m[HTTP][0m <-- POST /wd/hub/session/6574240b-463d-468a-80e8-2f8696575104/elements 200 227 ms - 12
[38;5;138m[6574240b][0m[38;5;86m[HTTP][0m --> POST /wd/hub/session/6574240b-463d-468a-80e8-2f8696575104/timeouts {"implicit":0}
[38;5;138m[6574240b][0m[38;5;86m[HTTP][0m <-- POST /wd/hub/session/6574240b-463d-468a-80e8-2f8696575104/timeouts 200 7 ms - 14
[38;5;138m[6574240b][0m[38;5;86m[HTTP][0m --> POST /wd/hub/session/6574240b-463d-468a-80e8-2f8696575104/elements {"using":"xpath","value":"/hierarchy"}
[38;5;138m[6574240b][0m[38;5;86m[HTTP][0m <-- POST /wd/hub/session/6574240b-463d-468a-80e8-2f8696575104/elements 200 178 ms - 12
[38;5;138m[6574240b][0m[38;5;86m[HTTP][0m --> POST /wd/hub/session/6574240b-463d-468a-80e8-2f8696575104/timeouts {"implicit":0}
[38;5;138m[6574240b][0m[38;5;86m[HTTP][0m <-- POST /wd/hub/session/6574240b-463d-468a-80e8-2f8696575104/timeouts 200 4 ms - 14
[38;5;138m[6574240b][0m[38;5;86m[HTTP][0m --> POST /wd/hub/session/6574240b-463d-468a-80e8-2f8696575104/elements {"using":"xpath","value":"/hierarchy"}
[38;5;138m[6574240b][0m[38;5;86m[HTTP][0m <-- POST /wd/hub/session/6574240b-463d-468a-80e8-2f8696575104/elements 200 174 ms - 12
[38;5;138m[6574240b][0m[38;5;86m[HTTP][0m --> POST /wd/hub/session/6574240b-463d-468a-80e8-2f8696575104/timeouts {"implicit":0}
[38;5;138m[6574240b][0m[38;5;86m[HTTP][0m <-- POST /wd/hub/session/6574240b-463d-468a-80e8-2f8696575104/timeouts 200 5 ms - 14
[38;5;138m[6574240b][0m[38;5;86m[HTTP][0m --> POST /wd/hub/session/6574240b-463d-468a-80e8-2f8696575104/elements {"using":"xpath","value":"/hierarchy"}
[38;5;138m[6574240b][0m[38;5;86m[HTTP][0m <-- POST /wd/hub/session/6574240b-463d-468a-80e8-2f8696575104/elements 200 583 ms - 12
[38;5;138m[6574240b][0m[38;5;86m[HTTP][0m --> POST /wd/hub/session/6574240b-463d-468a-80e8-2f8696575104/timeouts {"implicit":0}
[38;5;138m[6574240b][0m[38;5;86m[HTTP][0m <-- POST /wd/hub/session/6574240b-463d-468a-80e8-2f8696575104/timeouts 200 4 ms - 14
[38;5;138m[6574240b][0m[38;5;86m[HTTP][0m --> POST /wd/hub/session/6574240b-463d-468a-80e8-2f8696575104/elements {"using":"xpath","value":"/hierarchy"}
[38;5;138m[6574240b][0m[38;5;86m[HTTP][0m <-- POST /wd/hub/session/6574240b-463d-468a-80e8-2f8696575104/elements 200 171 ms - 12
[38;5;138m[6574240b][0m[38;5;86m[HTTP][0m --> POST /wd/hub/session/6574240b-463d-468a-80e8-2f8696575104/timeouts {"implicit":0}
[38;5;138m[6574240b][0m[38;5;86m[HTTP][0m <-- POST /wd/hub/session/6574240b-463d-468a-80e8-2f8696575104/timeouts 200 6 ms - 14
[38;5;138m[6574240b][0m[38;5;86m[HTTP][0m --> POST /wd/hub/session/6574240b-463d-468a-80e8-2f8696575104/elements {"using":"xpath","value":"/hierarchy"}
[38;5;138m[6574240b][0m[38;5;86m[HTTP][0m <-- POST /wd/hub/session/6574240b-463d-468a-80e8-2f8696575104/elements 200 175 ms - 12
[38;5;138m[6574240b][0m[38;5;86m[HTTP][0m --> POST /wd/hub/session/6574240b-463d-468a-80e8-2f8696575104/timeouts {"implicit":0}
[38;5;138m[6574240b][0m[38;5;86m[HTTP][0m <-- POST /wd/hub/session/6574240b-463d-468a-80e8-2f8696575104/timeouts 200 2 ms - 14
[38;5;138m[6574240b][0m[38;5;86m[HTTP][0m --> POST /wd/hub/session/6574240b-463d-468a-80e8-2f8696575104/elements {"using":"xpath","value":"/hierarchy"}
[38;5;138m[6574240b][0m[38;5;86m[HTTP][0m <-- POST /wd/hub/session/6574240b-463d-468a-80e8-2f8696575104/elements 200 157 ms - 12
[38;5;138m[6574240b][0m[38;5;86m[HTTP][0m --> POST /wd/hub/session/6574240b-463d-468a-80e8-2f8696575104/timeouts {"implicit":0}
[38;5;138m[6574240b][0m[38;5;86m[HTTP][0m <-- POST /wd/hub/session/6574240b-463d-468a-80e8-2f8696575104/timeouts 200 10 ms - 14
[38;5;138m[6574240b][0m[38;5;86m[HTTP][0m --> POST /wd/hub/session/6574240b-463d-468a-80e8-2f8696575104/elements {"using":"xpath","value":"/hierarchy"}
[38;5;138m[6574240b][0m[38;5;86m[HTTP][0m <-- POST /wd/hub/session/6574240b-463d-468a-80e8-2f8696575104/elements 200 172 ms - 12
[38;5;138m[6574240b][0m[38;5;86m[HTTP][0m --> POST /wd/hub/session/6574240b-463d-468a-80e8-2f8696575104/timeouts {"implicit":0}
[38;5;138m[6574240b][0m[38;5;86m[HTTP][0m <-- POST /wd/hub/session/6574240b-463d-468a-80e8-2f8696575104/timeouts 200 6 ms - 14
[38;5;138m[6574240b][0m[38;5;86m[HTTP][0m --> POST /wd/hub/session/6574240b-463d-468a-80e8-2f8696575104/elements {"using":"xpath","value":"/hierarchy"}
[38;5;138m[6574240b][0m[38;5;86m[HTTP][0m <-- POST /wd/hub/session/6574240b-463d-468a-80e8-2f8696575104/elements 200 154 ms - 12
[38;5;138m[6574240b][0m[38;5;86m[HTTP][0m --> POST /wd/hub/session/6574240b-463d-468a-80e8-2f8696575104/timeouts {"implicit":0}
[38;5;138m[6574240b][0m[38;5;86m[HTTP][0m <-- POST /wd/hub/session/6574240b-463d-468a-80e8-2f8696575104/timeouts 200 3 ms - 14
[38;5;138m[6574240b][0m[38;5;86m[HTTP][0m --> POST /wd/hub/session/6574240b-463d-468a-80e8-2f8696575104/elements {"using":"xpath","value":"/hierarchy"}
[38;5;138m[6574240b][0m[38;5;86m[HTTP][0m <-- POST /wd/hub/session/6574240b-463d-468a-80e8-2f8696575104/elements 200 162 ms - 12
[38;5;138m[6574240b][0m[38;5;86m[HTTP][0m --> POST /wd/hub/session/6574240b-463d-468a-80e8-2f8696575104/timeouts {"implicit":0}
[38;5;138m[6574240b][0m[38;5;86m[HTTP][0m <-- POST /wd/hub/session/6574240b-463d-468a-80e8-2f8696575104/timeouts 200 10 ms - 14
[38;5;138m[6574240b][0m[38;5;86m[HTTP][0m --> POST /wd/hub/session/6574240b-463d-468a-80e8-2f8696575104/elements {"using":"xpath","value":"/hierarchy"}
[38;5;138m[6574240b][0m[38;5;86m[HTTP][0m <-- POST /wd/hub/session/6574240b-463d-468a-80e8-2f8696575104/elements 200 413 ms - 12
[38;5;138m[6574240b][0m[38;5;86m[HTTP][0m --> POST /wd/hub/session/6574240b-463d-468a-80e8-2f8696575104/timeouts {"implicit":0}
[38;5;138m[6574240b][0m[38;5;86m[HTTP][0m <-- POST /wd/hub/session/6574240b-463d-468a-80e8-2f8696575104/timeouts 200 6 ms - 14
[38;5;138m[6574240b][0m[38;5;86m[HTTP][0m --> POST /wd/hub/session/6574240b-463d-468a-80e8-2f8696575104/elements {"using":"xpath","value":"/hierarchy"}
[38;5;138m[6574240b][0m[38;5;86m[HTTP][0m <-- POST /wd/hub/session/6574240b-463d-468a-80e8-2f8696575104/elements 200 201 ms - 12
[38;5;138m[6574240b][0m[38;5;86m[HTTP][0m --> POST /wd/hub/session/6574240b-463d-468a-80e8-2f8696575104/timeouts {"implicit":0}
[38;5;138m[6574240b][0m[38;5;86m[HTTP][0m <-- POST /wd/hub/session/6574240b-463d-468a-80e8-2f8696575104/timeouts 200 6 ms - 14
[38;5;138m[6574240b][0m[38;5;86m[HTTP][0m --> POST /wd/hub/session/6574240b-463d-468a-80e8-2f8696575104/elements {"using":"xpath","value":"/hierarchy"}
[38;5;138m[6574240b][0m[38;5;86m[HTTP][0m <-- POST /wd/hub/session/6574240b-463d-468a-80e8-2f8696575104/elements 200 167 ms - 12
[38;5;138m[6574240b][0m[38;5;86m[HTTP][0m --> POST /wd/hub/session/6574240b-463d-468a-80e8-2f8696575104/timeouts {"implicit":0}
[38;5;138m[6574240b][0m[38;5;86m[HTTP][0m <-- POST /wd/hub/session/6574240b-463d-468a-80e8-2f8696575104/timeouts 200 5 ms - 14
[38;5;138m[6574240b][0m[38;5;86m[HTTP][0m --> POST /wd/hub/session/6574240b-463d-468a-80e8-2f8696575104/elements {"using":"xpath","value":"/hierarchy"}
[38;5;138m[6574240b][0m[38;5;86m[HTTP][0m <-- POST /wd/hub/session/6574240b-463d-468a-80e8-2f8696575104/elements 200 172 ms - 12
[38;5;138m[6574240b][0m[38;5;86m[HTTP][0m --> POST /wd/hub/session/6574240b-463d-468a-80e8-2f8696575104/timeouts {"implicit":0}
[38;5;138m[6574240b][0m[38;5;86m[HTTP][0m <-- POST /wd/hub/session/6574240b-463d-468a-80e8-2f8696575104/timeouts 200 2 ms - 14
[38;5;138m[6574240b][0m[38;5;86m[HTTP][0m --> POST /wd/hub/session/6574240b-463d-468a-80e8-2f8696575104/elements {"using":"xpath","value":"/hierarchy"}
[38;5;138m[6574240b][0m[38;5;86m[HTTP][0m <-- POST /wd/hub/session/6574240b-463d-468a-80e8-2f8696575104/elements 200 179 ms - 12
[38;5;138m[6574240b][0m[38;5;86m[HTTP][0m --> POST /wd/hub/session/6574240b-463d-468a-80e8-2f8696575104/timeouts {"implicit":0}
[38;5;138m[6574240b][0m[38;5;86m[HTTP][0m <-- POST /wd/hub/session/6574240b-463d-468a-80e8-2f8696575104/timeouts 200 2 ms - 14
[38;5;138m[6574240b][0m[38;5;86m[HTTP][0m --> POST /wd/hub/session/6574240b-463d-468a-80e8-2f8696575104/elements {"using":"xpath","value":"/hierarchy"}
[38;5;138m[6574240b][0m[38;5;86m[HTTP][0m <-- POST /wd/hub/session/6574240b-463d-468a-80e8-2f8696575104/elements 200 190 ms - 12
[38;5;138m[6574240b][0m[38;5;86m[HTTP][0m --> POST /wd/hub/session/6574240b-463d-468a-80e8-2f8696575104/timeouts {"implicit":0}
[38;5;138m[6574240b][0m[38;5;86m[HTTP][0m <-- POST /wd/hub/session/6574240b-463d-468a-80e8-2f8696575104/timeouts 200 7 ms - 14
[38;5;138m[6574240b][0m[38;5;86m[HTTP][0m --> POST /wd/hub/session/6574240b-463d-468a-80e8-2f8696575104/elements {"using":"xpath","value":"/hierarchy"}
[38;5;138m[6574240b][0m[38;5;86m[HTTP][0m <-- POST /wd/hub/session/6574240b-463d-468a-80e8-2f8696575104/elements 200 193 ms - 12
[38;5;138m[6574240b][0m[38;5;86m[HTTP][0m --> POST /wd/hub/session/6574240b-463d-468a-80e8-2f8696575104/timeouts {"implicit":0}
[38;5;138m[6574240b][0m[38;5;86m[HTTP][0m <-- POST /wd/hub/session/6574240b-463d-468a-80e8-2f8696575104/timeouts 200 7 ms - 14
[38;5;138m[6574240b][0m[38;5;86m[HTTP][0m --> POST /wd/hub/session/6574240b-463d-468a-80e8-2f8696575104/elements {"using":"xpath","value":"/hierarchy"}
[38;5;138m[6574240b][0m[38;5;86m[HTTP][0m <-- POST /wd/hub/session/6574240b-463d-468a-80e8-2f8696575104/elements 200 447 ms - 12
[38;5;138m[6574240b][0m[38;5;86m[HTTP][0m --> POST /wd/hub/session/6574240b-463d-468a-80e8-2f8696575104/timeouts {"implicit":0}
[38;5;138m[6574240b][0m[38;5;86m[HTTP][0m <-- POST /wd/hub/session/6574240b-463d-468a-80e8-2f8696575104/timeouts 200 4 ms - 14
[38;5;138m[6574240b][0m[38;5;86m[HTTP][0m --> POST /wd/hub/session/6574240b-463d-468a-80e8-2f8696575104/elements {"using":"xpath","value":"/hierarchy"}
[38;5;138m[6574240b][0m[38;5;86m[HTTP][0m <-- POST /wd/hub/session/6574240b-463d-468a-80e8-2f8696575104/elements 200 162 ms - 12
[38;5;138m[6574240b][0m[38;5;86m[HTTP][0m --> POST /wd/hub/session/6574240b-463d-468a-80e8-2f8696575104/timeouts {"implicit":0}
[38;5;138m[6574240b][0m[38;5;86m[HTTP][0m <-- POST /wd/hub/session/6574240b-463d-468a-80e8-2f8696575104/timeouts 200 3 ms - 14
[38;5;138m[6574240b][0m[38;5;86m[HTTP][0m --> POST /wd/hub/session/6574240b-463d-468a-80e8-2f8696575104/elements {"using":"xpath","value":"/hierarchy"}
[38;5;138m[6574240b][0m[38;5;86m[HTTP][0m <-- POST /wd/hub/session/6574240b-463d-468a-80e8-2f8696575104/elements 200 198 ms - 12
[38;5;138m[6574240b][0m[38;5;86m[HTTP][0m --> POST /wd/hub/session/6574240b-463d-468a-80e8-2f8696575104/timeouts {"implicit":0}
[38;5;138m[6574240b][0m[38;5;86m[HTTP][0m <-- POST /wd/hub/session/6574240b-463d-468a-80e8-2f8696575104/timeouts 200 4 ms - 14
[38;5;138m[6574240b][0m[38;5;86m[HTTP][0m --> POST /wd/hub/session/6574240b-463d-468a-80e8-2f8696575104/elements {"using":"xpath","value":"/hierarchy"}
[38;5;138m[6574240b][0m[38;5;86m[HTTP][0m <-- POST /wd/hub/session/6574240b-463d-468a-80e8-2f8696575104/elements 200 134 ms - 12
[38;5;138m[6574240b][0m[38;5;86m[HTTP][0m --> POST /wd/hub/session/6574240b-463d-468a-80e8-2f8696575104/timeouts {"implicit":0}
[38;5;138m[6574240b][0m[38;5;86m[HTTP][0m <-- POST /wd/hub/session/6574240b-463d-468a-80e8-2f8696575104/timeouts 200 7 ms - 14
[38;5;138m[6574240b][0m[38;5;86m[HTTP][0m --> POST /wd/hub/session/6574240b-463d-468a-80e8-2f8696575104/elements {"using":"xpath","value":"/hierarchy"}
[38;5;138m[6574240b][0m[38;5;86m[HTTP][0m <-- POST /wd/hub/session/6574240b-463d-468a-80e8-2f8696575104/elements 200 133 ms - 12
[38;5;138m[6574240b][0m[38;5;86m[HTTP][0m --> POST /wd/hub/session/6574240b-463d-468a-80e8-2f8696575104/timeouts {"implicit":0}
[38;5;138m[6574240b][0m[38;5;86m[HTTP][0m <-- POST /wd/hub/session/6574240b-463d-468a-80e8-2f8696575104/timeouts 200 6 ms - 14
[38;5;138m[6574240b][0m[38;5;86m[HTTP][0m --> POST /wd/hub/session/6574240b-463d-468a-80e8-2f8696575104/elements {"using":"xpath","value":"/hierarchy"}
[38;5;138m[6574240b][0m[38;5;86m[HTTP][0m <-- POST /wd/hub/session/6574240b-463d-468a-80e8-2f8696575104/elements 200 160 ms - 12
[38;5;138m[6574240b][0m[38;5;86m[HTTP][0m --> POST /wd/hub/session/6574240b-463d-468a-80e8-2f8696575104/timeouts {"implicit":0}
[38;5;138m[6574240b][0m[38;5;86m[HTTP][0m <-- POST /wd/hub/session/6574240b-463d-468a-80e8-2f8696575104/timeouts 200 2 ms - 14
[38;5;138m[6574240b][0m[38;5;86m[HTTP][0m --> POST /wd/hub/session/6574240b-463d-468a-80e8-2f8696575104/elements {"using":"xpath","value":"/hierarchy"}
[38;5;138m[6574240b][0m[38;5;86m[HTTP][0m <-- POST /wd/hub/session/6574240b-463d-468a-80e8-2f8696575104/elements 200 194 ms - 12
[38;5;138m[6574240b][0m[38;5;86m[HTTP][0m --> POST /wd/hub/session/6574240b-463d-468a-80e8-2f8696575104/timeouts {"implicit":0}
[38;5;138m[6574240b][0m[38;5;86m[HTTP][0m <-- POST /wd/hub/session/6574240b-463d-468a-80e8-2f8696575104/timeouts 200 4 ms - 14
[38;5;138m[6574240b][0m[38;5;86m[HTTP][0m --> POST /wd/hub/session/6574240b-463d-468a-80e8-2f8696575104/elements {"using":"xpath","value":"/hierarchy"}
[38;5;138m[6574240b][0m[38;5;86m[HTTP][0m <-- POST /wd/hub/session/6574240b-463d-468a-80e8-2f8696575104/elements 200 421 ms - 12
[38;5;138m[6574240b][0m[38;5;86m[HTTP][0m --> POST /wd/hub/session/6574240b-463d-468a-80e8-2f8696575104/timeouts {"implicit":0}
[38;5;138m[6574240b][0m[38;5;86m[HTTP][0m <-- POST /wd/hub/session/6574240b-463d-468a-80e8-2f8696575104/timeouts 200 7 ms - 14
[38;5;138m[6574240b][0m[38;5;86m[HTTP][0m --> POST /wd/hub/session/6574240b-463d-468a-80e8-2f8696575104/elements {"using":"xpath","value":"/hierarchy"}
[38;5;138m[6574240b][0m[38;5;86m[HTTP][0m <-- POST /wd/hub/session/6574240b-463d-468a-80e8-2f8696575104/elements 200 440 ms - 12
[38;5;138m[6574240b][0m[38;5;86m[HTTP][0m --> POST /wd/hub/session/6574240b-463d-468a-80e8-2f8696575104/timeouts {"implicit":0}
[38;5;138m[6574240b][0m[38;5;86m[HTTP][0m <-- POST /wd/hub/session/6574240b-463d-468a-80e8-2f8696575104/timeouts 200 8 ms - 14
[38;5;138m[6574240b][0m[38;5;86m[HTTP][0m --> POST /wd/hub/session/6574240b-463d-468a-80e8-2f8696575104/elements {"using":"xpath","value":"/hierarchy"}
[38;5;138m[6574240b][0m[38;5;86m[HTTP][0m <-- POST /wd/hub/session/6574240b-463d-468a-80e8-2f8696575104/elements 200 156 ms - 12
[38;5;138m[6574240b][0m[38;5;86m[HTTP][0m --> POST /wd/hub/session/6574240b-463d-468a-80e8-2f8696575104/timeouts {"implicit":0}
[38;5;138m[6574240b][0m[38;5;86m[HTTP][0m <-- POST /wd/hub/session/6574240b-463d-468a-80e8-2f8696575104/timeouts 200 5 ms - 14
[38;5;138m[6574240b][0m[38;5;86m[HTTP][0m --> POST /wd/hub/session/6574240b-463d-468a-80e8-2f8696575104/elements {"using":"xpath","value":"/hierarchy"}
[38;5;138m[6574240b][0m[38;5;86m[HTTP][0m <-- POST /wd/hub/session/6574240b-463d-468a-80e8-2f8696575104/elements 200 189 ms - 12
[38;5;138m[6574240b][0m[38;5;86m[HTTP][0m --> POST /wd/hub/session/6574240b-463d-468a-80e8-2f8696575104/timeouts {"implicit":0}
[38;5;138m[6574240b][0m[38;5;86m[HTTP][0m <-- POST /wd/hub/session/6574240b-463d-468a-80e8-2f8696575104/timeouts 200 3 ms - 14
[38;5;138m[6574240b][0m[38;5;86m[HTTP][0m --> POST /wd/hub/session/6574240b-463d-468a-80e8-2f8696575104/elements {"using":"xpath","value":"/hierarchy"}
[38;5;138m[6574240b][0m[38;5;86m[HTTP][0m <-- POST /wd/hub/session/6574240b-463d-468a-80e8-2f8696575104/elements 200 139 ms - 12
[38;5;138m[6574240b][0m[38;5;86m[HTTP][0m --> POST /wd/hub/session/6574240b-463d-468a-80e8-2f8696575104/timeouts {"implicit":0}
[38;5;138m[6574240b][0m[38;5;86m[HTTP][0m <-- POST /wd/hub/session/6574240b-463d-468a-80e8-2f8696575104/timeouts 200 4 ms - 14
[38;5;138m[6574240b][0m[38;5;86m[HTTP][0m --> POST /wd/hub/session/6574240b-463d-468a-80e8-2f8696575104/elements {"using":"xpath","value":"/hierarchy"}
[38;5;138m[6574240b][0m[38;5;86m[HTTP][0m <-- POST /wd/hub/session/6574240b-463d-468a-80e8-2f8696575104/elements 200 168 ms - 12
[38;5;138m[6574240b][0m[38;5;86m[HTTP][0m --> POST /wd/hub/session/6574240b-463d-468a-80e8-2f8696575104/timeouts {"implicit":0}
[38;5;138m[6574240b][0m[38;5;86m[HTTP][0m <-- POST /wd/hub/session/6574240b-463d-468a-80e8-2f8696575104/timeouts 200 5 ms - 14
[38;5;138m[6574240b][0m[38;5;86m[HTTP][0m --> POST /wd/hub/session/6574240b-463d-468a-80e8-2f8696575104/elements {"using":"xpath","value":"/hierarchy"}
[38;5;138m[6574240b][0m[38;5;86m[HTTP][0m <-- POST /wd/hub/session/6574240b-463d-468a-80e8-2f8696575104/elements 200 491 ms - 12
[38;5;138m[6574240b][0m[38;5;86m[HTTP][0m --> POST /wd/hub/session/6574240b-463d-468a-80e8-2f8696575104/timeouts {"implicit":0}
[38;5;138m[6574240b][0m[38;5;86m[HTTP][0m <-- POST /wd/hub/session/6574240b-463d-468a-80e8-2f8696575104/timeouts 200 6 ms - 14
[38;5;138m[6574240b][0m[38;5;86m[HTTP][0m --> POST /wd/hub/session/6574240b-463d-468a-80e8-2f8696575104/elements {"using":"xpath","value":"/hierarchy"}
[38;5;138m[6574240b][0m[38;5;86m[HTTP][0m <-- POST /wd/hub/session/6574240b-463d-468a-80e8-2f8696575104/elements 200 145 ms - 12
[38;5;138m[6574240b][0m[38;5;86m[HTTP][0m --> POST /wd/hub/session/6574240b-463d-468a-80e8-2f8696575104/timeouts {"implicit":0}
[38;5;138m[6574240b][0m[38;5;86m[HTTP][0m <-- POST /wd/hub/session/6574240b-463d-468a-80e8-2f8696575104/timeouts 200 6 ms - 14
[38;5;138m[6574240b][0m[38;5;86m[HTTP][0m --> POST /wd/hub/session/6574240b-463d-468a-80e8-2f8696575104/elements {"using":"xpath","value":"/hierarchy"}
[38;5;138m[6574240b][0m[38;5;86m[HTTP][0m <-- POST /wd/hub/session/6574240b-463d-468a-80e8-2f8696575104/elements 200 189 ms - 12
[38;5;138m[6574240b][0m[38;5;86m[HTTP][0m --> POST /wd/hub/session/6574240b-463d-468a-80e8-2f8696575104/timeouts {"implicit":0}
[38;5;138m[6574240b][0m[38;5;86m[HTTP][0m <-- POST /wd/hub/session/6574240b-463d-468a-80e8-2f8696575104/timeouts 200 4 ms - 14
[38;5;138m[6574240b][0m[38;5;86m[HTTP][0m --> POST /wd/hub/session/6574240b-463d-468a-80e8-2f8696575104/elements {"using":"xpath","value":"/hierarchy"}
[38;5;138m[6574240b][0m[38;5;86m[HTTP][0m <-- POST /wd/hub/session/6574240b-463d-468a-80e8-2f8696575104/elements 200 160 ms - 12
[38;5;138m[6574240b][0m[38;5;86m[HTTP][0m --> POST /wd/hub/session/6574240b-463d-468a-80e8-2f8696575104/timeouts {"implicit":0}
[38;5;138m[6574240b][0m[38;5;86m[HTTP][0m <-- POST /wd/hub/session/6574240b-463d-468a-80e8-2f8696575104/timeouts 200 4 ms - 14
[38;5;138m[6574240b][0m[38;5;86m[HTTP][0m --> POST /wd/hub/session/6574240b-463d-468a-80e8-2f8696575104/elements {"using":"xpath","value":"/hierarchy"}
[38;5;138m[6574240b][0m[38;5;86m[HTTP][0m <-- POST /wd/hub/session/6574240b-463d-468a-80e8-2f8696575104/elements 200 169 ms - 12
[38;5;138m[6574240b][0m[38;5;86m[HTTP][0m --> POST /wd/hub/session/6574240b-463d-468a-80e8-2f8696575104/timeouts {"implicit":0}
[38;5;138m[6574240b][0m[38;5;86m[HTTP][0m <-- POST /wd/hub/session/6574240b-463d-468a-80e8-2f8696575104/timeouts 200 5 ms - 14
[38;5;138m[6574240b][0m[38;5;86m[HTTP][0m --> POST /wd/hub/session/6574240b-463d-468a-80e8-2f8696575104/elements {"using":"xpath","value":"/hierarchy"}
[38;5;138m[6574240b][0m[38;5;86m[HTTP][0m <-- POST /wd/hub/session/6574240b-463d-468a-80e8-2f8696575104/elements 200 140 ms - 12
[38;5;138m[6574240b][0m[38;5;86m[HTTP][0m --> POST /wd/hub/session/6574240b-463d-468a-80e8-2f8696575104/timeouts {"implicit":0}
[38;5;138m[6574240b][0m[38;5;86m[HTTP][0m <-- POST /wd/hub/session/6574240b-463d-468a-80e8-2f8696575104/timeouts 200 7 ms - 14
[38;5;138m[6574240b][0m[38;5;86m[HTTP][0m --> POST /wd/hub/session/6574240b-463d-468a-80e8-2f8696575104/elements {"using":"xpath","value":"/hierarchy"}
[38;5;138m[6574240b][0m[38;5;86m[HTTP][0m <-- POST /wd/hub/session/6574240b-463d-468a-80e8-2f8696575104/elements 200 169 ms - 12
[38;5;138m[6574240b][0m[38;5;86m[HTTP][0m --> POST /wd/hub/session/6574240b-463d-468a-80e8-2f8696575104/timeouts {"implicit":0}
[38;5;138m[6574240b][0m[38;5;86m[HTTP][0m <-- POST /wd/hub/session/6574240b-463d-468a-80e8-2f8696575104/timeouts 200 4 ms - 14
[38;5;138m[6574240b][0m[38;5;86m[HTTP][0m --> POST /wd/hub/session/6574240b-463d-468a-80e8-2f8696575104/elements {"using":"xpath","value":"/hierarchy"}
[38;5;138m[6574240b][0m[38;5;86m[HTTP][0m <-- POST /wd/hub/session/6574240b-463d-468a-80e8-2f8696575104/elements 200 468 ms - 12
[38;5;138m[6574240b][0m[38;5;86m[HTTP][0m --> POST /wd/hub/session/6574240b-463d-468a-80e8-2f8696575104/timeouts {"implicit":0}
[38;5;138m[6574240b][0m[38;5;86m[HTTP][0m <-- POST /wd/hub/session/6574240b-463d-468a-80e8-2f8696575104/timeouts 200 8 ms - 14
[38;5;138m[6574240b][0m[38;5;86m[HTTP][0m --> POST /wd/hub/session/6574240b-463d-468a-80e8-2f8696575104/elements {"using":"xpath","value":"/hierarchy"}
[38;5;138m[6574240b][0m[38;5;86m[HTTP][0m <-- POST /wd/hub/session/6574240b-463d-468a-80e8-2f8696575104/elements 200 154 ms - 12
[38;5;138m[6574240b][0m[38;5;86m[HTTP][0m --> POST /wd/hub/session/6574240b-463d-468a-80e8-2f8696575104/timeouts {"implicit":0}
[38;5;138m[6574240b][0m[38;5;86m[HTTP][0m <-- POST /wd/hub/session/6574240b-463d-468a-80e8-2f8696575104/timeouts 200 2 ms - 14
[38;5;138m[6574240b][0m[38;5;86m[HTTP][0m --> POST /wd/hub/session/6574240b-463d-468a-80e8-2f8696575104/elements {"using":"xpath","value":"/hierarchy"}
[38;5;138m[6574240b][0m[38;5;86m[HTTP][0m <-- POST /wd/hub/session/6574240b-463d-468a-80e8-2f8696575104/elements 200 160 ms - 12
[38;5;138m[6574240b][0m[38;5;86m[HTTP][0m --> POST /wd/hub/session/6574240b-463d-468a-80e8-2f8696575104/timeouts {"implicit":0}
[38;5;138m[6574240b][0m[38;5;86m[HTTP][0m <-- POST /wd/hub/session/6574240b-463d-468a-80e8-2f8696575104/timeouts 200 7 ms - 14
[38;5;138m[6574240b][0m[38;5;86m[HTTP][0m --> POST /wd/hub/session/6574240b-463d-468a-80e8-2f8696575104/elements {"using":"xpath","value":"/hierarchy"}
[38;5;138m[6574240b][0m[38;5;86m[HTTP][0m <-- POST /wd/hub/session/6574240b-463d-468a-80e8-2f8696575104/elements 200 178 ms - 12
[38;5;138m[6574240b][0m[38;5;86m[HTTP][0m --> POST /wd/hub/session/6574240b-463d-468a-80e8-2f8696575104/timeouts {"implicit":0}
[38;5;138m[6574240b][0m[38;5;86m[HTTP][0m <-- POST /wd/hub/session/6574240b-463d-468a-80e8-2f8696575104/timeouts 200 3 ms - 14
[38;5;138m[6574240b][0m[38;5;86m[HTTP][0m --> POST /wd/hub/session/6574240b-463d-468a-80e8-2f8696575104/elements {"using":"xpath","value":"/hierarchy"}
[38;5;138m[6574240b][0m[38;5;86m[HTTP][0m <-- POST /wd/hub/session/6574240b-463d-468a-80e8-2f8696575104/elements 200 159 ms - 12
[38;5;138m[6574240b][0m[38;5;86m[HTTP][0m --> POST /wd/hub/session/6574240b-463d-468a-80e8-2f8696575104/timeouts {"implicit":0}
[38;5;138m[6574240b][0m[38;5;86m[HTTP][0m <-- POST /wd/hub/session/6574240b-463d-468a-80e8-2f8696575104/timeouts 200 2 ms - 14
[38;5;138m[6574240b][0m[38;5;86m[HTTP][0m --> POST /wd/hub/session/6574240b-463d-468a-80e8-2f8696575104/elements {"using":"xpath","value":"/hierarchy"}
[38;5;138m[6574240b][0m[38;5;86m[HTTP][0m <-- POST /wd/hub/session/6574240b-463d-468a-80e8-2f8696575104/elements 200 171 ms - 12
[38;5;138m[6574240b][0m[38;5;86m[HTTP][0m --> POST /wd/hub/session/6574240b-463d-468a-80e8-2f8696575104/timeouts {"implicit":0}
[38;5;138m[6574240b][0m[38;5;86m[HTTP][0m <-- POST /wd/hub/session/6574240b-463d-468a-80e8-2f8696575104/timeouts 200 2 ms - 14
[38;5;138m[6574240b][0m[38;5;86m[HTTP][0m --> POST /wd/hub/session/6574240b-463d-468a-80e8-2f8696575104/elements {"using":"xpath","value":"/hierarchy"}
[38;5;138m[6574240b][0m[38;5;86m[HTTP][0m <-- POST /wd/hub/session/6574240b-463d-468a-80e8-2f8696575104/elements 200 147 ms - 12
[38;5;138m[6574240b][0m[38;5;86m[HTTP][0m --> POST /wd/hub/session/6574240b-463d-468a-80e8-2f8696575104/timeouts {"implicit":0}
[38;5;138m[6574240b][0m[38;5;86m[HTTP][0m <-- POST /wd/hub/session/6574240b-463d-468a-80e8-2f8696575104/timeouts 200 4 ms - 14
[38;5;138m[6574240b][0m[38;5;86m[HTTP][0m --> POST /wd/hub/session/6574240b-463d-468a-80e8-2f8696575104/elements {"using":"xpath","value":"/hierarchy"}
[38;5;138m[6574240b][0m[38;5;86m[HTTP][0m <-- POST /wd/hub/session/6574240b-463d-468a-80e8-2f8696575104/elements 200 426 ms - 12
[38;5;138m[6574240b][0m[38;5;86m[HTTP][0m --> POST /wd/hub/session/6574240b-463d-468a-80e8-2f8696575104/timeouts {"implicit":0}
[38;5;138m[6574240b][0m[38;5;86m[HTTP][0m <-- POST /wd/hub/session/6574240b-463d-468a-80e8-2f8696575104/timeouts 200 4 ms - 14
[38;5;138m[6574240b][0m[38;5;86m[HTTP][0m --> POST /wd/hub/session/6574240b-463d-468a-80e8-2f8696575104/elements {"using":"xpath","value":"/hierarchy"}
[38;5;138m[6574240b][0m[38;5;86m[HTTP][0m <-- POST /wd/hub/session/6574240b-463d-468a-80e8-2f8696575104/elements 200 166 ms - 12
[38;5;138m[6574240b][0m[38;5;86m[HTTP][0m --> POST /wd/hub/session/6574240b-463d-468a-80e8-2f8696575104/timeouts {"implicit":0}
[38;5;138m[6574240b][0m[38;5;86m[HTTP][0m <-- POST /wd/hub/session/6574240b-463d-468a-80e8-2f8696575104/timeouts 200 5 ms - 14
[38;5;138m[6574240b][0m[38;5;86m[HTTP][0m --> POST /wd/hub/session/6574240b-463d-468a-80e8-2f8696575104/elements {"using":"xpath","value":"/hierarchy"}
[38;5;138m[6574240b][0m[38;5;86m[HTTP][0m <-- POST /wd/hub/session/6574240b-463d-468a-80e8-2f8696575104/elements 200 141 ms - 12
[38;5;138m[6574240b][0m[38;5;86m[HTTP][0m --> POST /wd/hub/session/6574240b-463d-468a-80e8-2f8696575104/timeouts {"implicit":0}
[38;5;138m[6574240b][0m[38;5;86m[HTTP][0m <-- POST /wd/hub/session/6574240b-463d-468a-80e8-2f8696575104/timeouts 200 2 ms - 14
[38;5;138m[6574240b][0m[38;5;86m[HTTP][0m --> POST /wd/hub/session/6574240b-463d-468a-80e8-2f8696575104/elements {"using":"xpath","value":"/hierarchy"}
[38;5;138m[6574240b][0m[38;5;86m[HTTP][0m <-- POST /wd/hub/session/6574240b-463d-468a-80e8-2f8696575104/elements 200 157 ms - 12
[38;5;138m[6574240b][0m[38;5;86m[HTTP][0m --> POST /wd/hub/session/6574240b-463d-468a-80e8-2f8696575104/timeouts {"implicit":0}
[38;5;138m[6574240b][0m[38;5;86m[HTTP][0m <-- POST /wd/hub/session/6574240b-463d-468a-80e8-2f8696575104/timeouts 200 2 ms - 14
[38;5;138m[6574240b][0m[38;5;86m[HTTP][0m --> POST /wd/hub/session/6574240b-463d-468a-80e8-2f8696575104/elements {"using":"xpath","value":"/hierarchy"}
[38;5;138m[6574240b][0m[38;5;86m[HTTP][0m <-- POST /wd/hub/session/6574240b-463d-468a-80e8-2f8696575104/elements 200 163 ms - 12
[38;5;138m[6574240b][0m[38;5;86m[HTTP][0m --> POST /wd/hub/session/6574240b-463d-468a-80e8-2f8696575104/timeouts {"implicit":0}
[38;5;138m[6574240b][0m[38;5;86m[HTTP][0m <-- POST /wd/hub/session/6574240b-463d-468a-80e8-2f8696575104/timeouts 200 2 ms - 14
[38;5;138m[6574240b][0m[38;5;86m[HTTP][0m --> POST /wd/hub/session/6574240b-463d-468a-80e8-2f8696575104/elements {"using":"xpath","value":"/hierarchy"}
[38;5;138m[6574240b][0m[38;5;86m[HTTP][0m <-- POST /wd/hub/session/6574240b-463d-468a-80e8-2f8696575104/elements 200 161 ms - 12
[38;5;138m[6574240b][0m[38;5;86m[HTTP][0m --> POST /wd/hub/session/6574240b-463d-468a-80e8-2f8696575104/timeouts {"implicit":0}
[38;5;138m[6574240b][0m[38;5;86m[HTTP][0m <-- POST /wd/hub/session/6574240b-463d-468a-80e8-2f8696575104/timeouts 200 7 ms - 14
[38;5;138m[6574240b][0m[38;5;86m[HTTP][0m --> POST /wd/hub/session/6574240b-463d-468a-80e8-2f8696575104/elements {"using":"xpath","value":"/hierarchy"}
[38;5;138m[6574240b][0m[38;5;86m[HTTP][0m <-- POST /wd/hub/session/6574240b-463d-468a-80e8-2f8696575104/elements 200 192 ms - 12
[38;5;138m[6574240b][0m[38;5;86m[HTTP][0m --> POST /wd/hub/session/6574240b-463d-468a-80e8-2f8696575104/timeouts {"implicit":0}
[38;5;138m[6574240b][0m[38;5;86m[HTTP][0m <-- POST /wd/hub/session/6574240b-463d-468a-80e8-2f8696575104/timeouts 200 6 ms - 14
[38;5;138m[6574240b][0m[38;5;86m[HTTP][0m --> POST /wd/hub/session/6574240b-463d-468a-80e8-2f8696575104/elements {"using":"xpath","value":"/hierarchy"}
[38;5;138m[6574240b][0m[38;5;86m[HTTP][0m <-- POST /wd/hub/session/6574240b-463d-468a-80e8-2f8696575104/elements 200 472 ms - 12
[38;5;138m[6574240b][0m[38;5;86m[HTTP][0m --> POST /wd/hub/session/6574240b-463d-468a-80e8-2f8696575104/timeouts {"implicit":0}
[38;5;138m[6574240b][0m[38;5;86m[HTTP][0m <-- POST /wd/hub/session/6574240b-463d-468a-80e8-2f8696575104/timeouts 200 4 ms - 14
[38;5;138m[6574240b][0m[38;5;86m[HTTP][0m --> POST /wd/hub/session/6574240b-463d-468a-80e8-2f8696575104/elements {"using":"xpath","value":"/hierarchy"}
[38;5;138m[6574240b][0m[38;5;86m[HTTP][0m <-- POST /wd/hub/session/6574240b-463d-468a-80e8-2f8696575104/elements 200 170 ms - 12
[38;5;138m[6574240b][0m[38;5;86m[HTTP][0m --> POST /wd/hub/session/6574240b-463d-468a-80e8-2f8696575104/timeouts {"implicit":0}
[38;5;138m[6574240b][0m[38;5;86m[HTTP][0m <-- POST /wd/hub/session/6574240b-463d-468a-80e8-2f8696575104/timeouts 200 14 ms - 14
[38;5;138m[6574240b][0m[38;5;86m[HTTP][0m --> POST /wd/hub/session/6574240b-463d-468a-80e8-2f8696575104/elements {"using":"xpath","value":"/hierarchy"}
[38;5;138m[6574240b][0m[38;5;86m[HTTP][0m <-- POST /wd/hub/session/6574240b-463d-468a-80e8-2f8696575104/elements 200 193 ms - 12
[38;5;138m[6574240b][0m[38;5;86m[HTTP][0m --> POST /wd/hub/session/6574240b-463d-468a-80e8-2f8696575104/timeouts {"implicit":0}
[38;5;138m[6574240b][0m[38;5;86m[HTTP][0m <-- POST /wd/hub/session/6574240b-463d-468a-80e8-2f8696575104/timeouts 200 8 ms - 14
[38;5;138m[6574240b][0m[38;5;86m[HTTP][0m --> POST /wd/hub/session/6574240b-463d-468a-80e8-2f8696575104/elements {"using":"xpath","value":"/hierarchy"}
[38;5;138m[6574240b][0m[38;5;86m[HTTP][0m <-- POST /wd/hub/session/6574240b-463d-468a-80e8-2f8696575104/elements 200 178 ms - 12
[38;5;138m[6574240b][0m[38;5;86m[HTTP][0m --> POST /wd/hub/session/6574240b-463d-468a-80e8-2f8696575104/timeouts {"implicit":0}
[38;5;138m[6574240b][0m[38;5;86m[HTTP][0m <-- POST /wd/hub/session/6574240b-463d-468a-80e8-2f8696575104/timeouts 200 9 ms - 14
[38;5;138m[6574240b][0m[38;5;86m[HTTP][0m --> POST /wd/hub/session/6574240b-463d-468a-80e8-2f8696575104/elements {"using":"xpath","value":"/hierarchy"}
[38;5;138m[6574240b][0m[38;5;86m[HTTP][0m <-- POST /wd/hub/session/6574240b-463d-468a-80e8-2f8696575104/elements 200 151 ms - 12
[38;5;138m[6574240b][0m[38;5;86m[HTTP][0m --> POST /wd/hub/session/6574240b-463d-468a-80e8-2f8696575104/timeouts {"implicit":0}
[38;5;138m[6574240b][0m[38;5;86m[HTTP][0m <-- POST /wd/hub/session/6574240b-463d-468a-80e8-2f8696575104/timeouts 200 2 ms - 14
[38;5;138m[6574240b][0m[38;5;86m[HTTP][0m --> GET /wd/hub/session/6574240b-463d-468a-80e8-2f8696575104/source 
[38;5;138m[6574240b][0m[38;5;-38m[AndroidUiautomator2Driver@f1f0][0m Driver proxy active, passing request on via HTTP proxy
[38;5;138m[6574240b][0m[38;5;86m[HTTP][0m --> GET /wd/hub/session/6574240b-463d-468a-80e8-2f8696575104/screenshot 
[38;5;138m[6574240b][0m[38;5;-38m[AndroidUiautomator2Driver@f1f0][0m Replacing sessionId 8de0f49c-56d3-4c2b-b7bf-0c0d011efe55 with 6574240b-463d-468a-80e8-2f8696575104
[38;5;138m[6574240b][0m[38;5;86m[HTTP][0m <-- GET /wd/hub/session/6574240b-463d-468a-80e8-2f8696575104/source 200 390 ms - 35693
[38;5;86m[HTTP][0m <-- GET /wd/hub/session/6574240b-463d-468a-80e8-2f8696575104/screenshot 200 1761 ms - 145596
[38;5;138m[6574240b][0m[38;5;86m[HTTP][0m --> GET /wd/hub/session/6574240b-463d-468a-80e8-2f8696575104/timeouts 
[38;5;138m[6574240b][0m[38;5;86m[HTTP][0m <-- GET /wd/hub/session/6574240b-463d-468a-80e8-2f8696575104/timeouts 200 2 ms - 42
[38;5;138m[6574240b][0m[38;5;86m[HTTP][0m --> POST /wd/hub/session/6574240b-463d-468a-80e8-2f8696575104/timeouts {"implicit":0}
[38;5;138m[6574240b][0m[38;5;86m[HTTP][0m <-- POST /wd/hub/session/6574240b-463d-468a-80e8-2f8696575104/timeouts 200 2 ms - 14
[38;5;138m[6574240b][0m[38;5;86m[HTTP][0m --> POST /wd/hub/session/6574240b-463d-468a-80e8-2f8696575104/elements {"using":"xpath","value":"/hierarchy/android.widget.FrameLayout/android.widget.LinearLayout/android.widget.FrameLayout/android.widget.LinearLayout/android.widget.FrameLayout/android.widget.RelativeLayout/android.widget.FrameLayout/android.widget.ScrollView/android.view.ViewGroup/android.widget.RelativeLayout/android.widget.LinearLayout/android.widget.TextView[2]"}
[38;5;138m[6574240b][0m[38;5;86m[HTTP][0m <-- POST /wd/hub/session/6574240b-463d-468a-80e8-2f8696575104/elements 200 189 ms - 139
[38;5;138m[6574240b][0m[38;5;86m[HTTP][0m --> POST /wd/hub/session/6574240b-463d-468a-80e8-2f8696575104/timeouts {"implicit":0}
[38;5;138m[6574240b][0m[38;5;86m[HTTP][0m <-- POST /wd/hub/session/6574240b-463d-468a-80e8-2f8696575104/timeouts 200 2 ms - 14
[38;5;138m[6574240b][0m[38;5;86m[HTTP][0m --> GET /wd/hub/session/6574240b-463d-468a-80e8-2f8696575104/element/00000000-0000-0570-ffff-ffff00000329/text 
[38;5;138m[6574240b][0m[38;5;-38m[AndroidUiautomator2Driver@f1f0][0m Driver proxy active, passing request on via HTTP proxy
[38;5;138m[6574240b][0m[38;5;-38m[AndroidUiautomator2Driver@f1f0][0m Replacing sessionId 8de0f49c-56d3-4c2b-b7bf-0c0d011efe55 with 6574240b-463d-468a-80e8-2f8696575104
[38;5;138m[6574240b][0m[38;5;86m[HTTP][0m <-- GET /wd/hub/session/6574240b-463d-468a-80e8-2f8696575104/element/00000000-0000-0570-ffff-ffff00000329/text 200 59 ms - 40
[38;5;138m[6574240b][0m[38;5;86m[HTTP][0m --> GET /wd/hub/session/6574240b-463d-468a-80e8-2f8696575104/source 
[38;5;138m[6574240b][0m[38;5;-38m[AndroidUiautomator2Driver@f1f0][0m Driver proxy active, passing request on via HTTP proxy
[38;5;138m[6574240b][0m[38;5;86m[HTTP][0m --> GET /wd/hub/session/6574240b-463d-468a-80e8-2f8696575104/screenshot 
[38;5;138m[6574240b][0m[38;5;-38m[AndroidUiautomator2Driver@f1f0][0m Replacing sessionId 8de0f49c-56d3-4c2b-b7bf-0c0d011efe55 with 6574240b-463d-468a-80e8-2f8696575104
[38;5;138m[6574240b][0m[38;5;86m[HTTP][0m <-- GET /wd/hub/session/6574240b-463d-468a-80e8-2f8696575104/source 200 730 ms - 35693
[38;5;138m[6574240b][0m[38;5;86m[HTTP][0m <-- GET /wd/hub/session/6574240b-463d-468a-80e8-2f8696575104/screenshot 200 1750 ms - 145840
[38;5;138m[6574240b][0m[38;5;86m[HTTP][0m --> GET /wd/hub/session/6574240b-463d-468a-80e8-2f8696575104/screenshot 
[38;5;138m[6574240b][0m[38;5;86m[HTTP][0m --> GET /wd/hub/session/6574240b-463d-468a-80e8-2f8696575104/source 
[38;5;138m[6574240b][0m[38;5;-38m[AndroidUiautomator2Driver@f1f0][0m Driver proxy active, passing request on via HTTP proxy
[38;5;138m[6574240b][0m[38;5;86m[HTTP][0m <-- GET /wd/hub/session/6574240b-463d-468a-80e8-2f8696575104/screenshot 200 1045 ms - 145840
[38;5;138m[6574240b][0m[38;5;-38m[AndroidUiautomator2Driver@f1f0][0m Replacing sessionId 8de0f49c-56d3-4c2b-b7bf-0c0d011efe55 with 6574240b-463d-468a-80e8-2f8696575104
[38;5;138m[6574240b][0m[38;5;86m[HTTP][0m <-- GET /wd/hub/session/6574240b-463d-468a-80e8-2f8696575104/source 200 1334 ms - 35693
[38;5;138m[6574240b][0m[38;5;86m[HTTP][0m --> POST /wd/hub/session/6574240b-463d-468a-80e8-2f8696575104/execute/sync {"script":"mobile: getCurrentPackage","args":[]}
[38;5;86m[HTTP][0m <-- POST /wd/hub/session/6574240b-463d-468a-80e8-2f8696575104/execute/sync 200 244 ms - 33
[38;5;138m[6574240b][0m[38;5;86m[HTTP][0m --> POST /wd/hub/session/6574240b-463d-468a-80e8-2f8696575104/execute/sync {"script":"mobile: terminateApp","args":[{"appId":"com.android.quickstep","bundleId":"com.android.quickstep"}]}
[38;5;138m[6574240b][0m[38;5;123m[BaseDriver][0m The following arguments are not known and will be ignored: bundleId
[38;5;138m[6574240b][0m[38;5;-38m[AndroidUiautomator2Driver@f1f0][0m Terminating 'com.android.quickstep'
[38;5;138m[6574240b][0m[38;5;-38m[AndroidUiautomator2Driver@f1f0][0m Querying the state of 'com.android.quickstep'
[38;5;138m[6574240b][0m[38;5;-38m[AndroidUiautomator2Driver@f1f0][0m The application 'com.android.quickstep' was reported running, although all process ids belonging to it have been changed: ([1699] -> [3692]). Assuming the termination was successful.
[38;5;138m[6574240b][0m[38;5;-38m[AndroidUiautomator2Driver@f1f0][0m 'com.android.quickstep' has been successfully terminated
[38;5;138m[6574240b][0m[38;5;86m[HTTP][0m <-- POST /wd/hub/session/6574240b-463d-468a-80e8-2f8696575104/execute/sync 200 2090 ms - 14
[38;5;138m[6574240b][0m[38;5;86m[HTTP][0m --> DELETE /wd/hub/session/6574240b-463d-468a-80e8-2f8696575104 
[38;5;138m[6574240b][0m[38;5;123m[BaseDriver][0m Unsubscribing f1f01edd-c9fb-442e-b723-0193da53d994 from topic 'uiautomator2:sessionUdidClaimed'
[38;5;138m[6574240b][0m[38;5;-38m[AndroidUiautomator2Driver@f1f0][0m Did not get the confirmation of UiAutomator2 server session deletion. Original error: 'DELETE /' cannot be proxied to UiAutomator2 server because the instrumentation process is not running (probably crashed). Check the server log and/or the logcat output for more details
[38;5;138m[6574240b][0m[38;5;229m[ADB][0m cm.aptoide.pt was successfully uninstalled
[38;5;138m[6574240b][0m[38;5;-38m[AndroidUiautomator2Driver@f1f0][0m Restoring hidden api policy to the device default configuration
[38;5;138m[6574240b][0m[38;5;201m[AppiumDriver@9e05][0m Removing session 6574240b-463d-468a-80e8-2f8696575104 from our master session list
[38;5;138m[6574240b][0m[38;5;86m[HTTP][0m <-- DELETE /wd/hub/session/6574240b-463d-468a-80e8-2f8696575104 200 4781 ms - 14
